0. 2 animals, 0 plants, 50 avg. energy, -1 avg. life time, 0 avg. childs
1. 2 animals, 2 plants, 49 avg. energy, -1 avg. life time, 0 avg. childs
2. 2 animals, 4 plants, 48 avg. energy, -1 avg. life time, 0 avg. childs
3. 2 animals, 6 plants, 47 avg. energy, -1 avg. life time, 0 avg. childs
4. 2 animals, 8 plants, 46 avg. energy, -1 avg. life time, 0 avg. childs
5. 2 animals, 9 plants, 50 avg. energy, -1 avg. life time, 0 avg. childs
6. 2 animals, 11 plants, 49 avg. energy, -1 avg. life time, 0 avg. childs
7. 2 animals, 13 plants, 48 avg. energy, -1 avg. life time, 0 avg. childs
8. 2 animals, 15 plants, 47 avg. energy, -1 avg. life time, 0 avg. childs
9. 2 animals, 17 plants, 46 avg. energy, -1 avg. life time, 0 avg. childs
10. 2 animals, 18 plants, 45 avg. energy, -1 avg. life time, 0 avg. childs
11. 2 animals, 19 plants, 44 avg. energy, -1 avg. life time, 0 avg. childs
12. 2 animals, 20 plants, 43 avg. energy, -1 avg. life time, 0 avg. childs
13. 2 animals, 21 plants, 42 avg. energy, -1 avg. life time, 0 avg. childs
14. 2 animals, 21 plants, 46 avg. energy, -1 avg. life time, 0 avg. childs
15. 2 animals, 22 plants, 45 avg. energy, -1 avg. life time, 0 avg. childs
16. 2 animals, 23 plants, 49 avg. energy, -1 avg. life time, 0 avg. childs
17. 2 animals, 24 plants, 48 avg. energy, -1 avg. life time, 0 avg. childs
18. 2 animals, 25 plants, 47 avg. energy, -1 avg. life time, 0 avg. childs
19. 2 animals, 26 plants, 46 avg. energy, -1 avg. life time, 0 avg. childs
20. 2 animals, 27 plants, 45 avg. energy, -1 avg. life time, 0 avg. childs
21. 2 animals, 28 plants, 44 avg. energy, -1 avg. life time, 0 avg. childs
22. 2 animals, 29 plants, 48 avg. energy, -1 avg. life time, 0 avg. childs
23. 2 animals, 29 plants, 52 avg. energy, -1 avg. life time, 0 avg. childs
24. 2 animals, 30 plants, 51 avg. energy, -1 avg. life time, 0 avg. childs
25. 2 animals, 31 plants, 55 avg. energy, -1 avg. life time, 0 avg. childs
26. 2 animals, 32 plants, 54 avg. energy, -1 avg. life time, 0 avg. childs
27. 2 animals, 34 plants, 53 avg. energy, -1 avg. life time, 0 avg. childs
28. 2 animals, 34 plants, 57 avg. energy, -1 avg. life time, 0 avg. childs
29. 2 animals, 36 plants, 56 avg. energy, -1 avg. life time, 0 avg. childs
30. 2 animals, 36 plants, 60 avg. energy, -1 avg. life time, 0 avg. childs
31. 2 animals, 37 plants, 59 avg. energy, -1 avg. life time, 0 avg. childs
32. 2 animals, 38 plants, 58 avg. energy, -1 avg. life time, 0 avg. childs
33. 2 animals, 39 plants, 57 avg. energy, -1 avg. life time, 0 avg. childs
34. 2 animals, 40 plants, 56 avg. energy, -1 avg. life time, 0 avg. childs
35. 2 animals, 41 plants, 55 avg. energy, -1 avg. life time, 0 avg. childs
36. 2 animals, 42 plants, 54 avg. energy, -1 avg. life time, 0 avg. childs
37. 2 animals, 43 plants, 53 avg. energy, -1 avg. life time, 0 avg. childs
38. 3 animals, 44 plants, 34 avg. energy, -1 avg. life time, 0 avg. childs
39. 4 animals, 45 plants, 25 avg. energy, -1 avg. life time, 1 avg. childs
40. 4 animals, 46 plants, 24 avg. energy, -1 avg. life time, 1 avg. childs
41. 4 animals, 47 plants, 23 avg. energy, -1 avg. life time, 1 avg. childs
42. 4 animals, 48 plants, 22 avg. energy, -1 avg. life time, 1 avg. childs
43. 4 animals, 49 plants, 21 avg. energy, -1 avg. life time, 1 avg. childs
44. 4 animals, 50 plants, 20 avg. energy, -1 avg. life time, 1 avg. childs
45. 4 animals, 51 plants, 19 avg. energy, -1 avg. life time, 1 avg. childs
46. 4 animals, 52 plants, 18 avg. energy, -1 avg. life time, 1 avg. childs
47. 4 animals, 52 plants, 19 avg. energy, -1 avg. life time, 1 avg. childs
48. 4 animals, 52 plants, 21 avg. energy, -1 avg. life time, 1 avg. childs
49. 4 animals, 52 plants, 22 avg. energy, -1 avg. life time, 1 avg. childs
50. 4 animals, 52 plants, 24 avg. energy, -1 avg. life time, 1 avg. childs
51. 4 animals, 53 plants, 23 avg. energy, -1 avg. life time, 1 avg. childs
52. 4 animals, 54 plants, 22 avg. energy, -1 avg. life time, 1 avg. childs
53. 4 animals, 55 plants, 21 avg. energy, -1 avg. life time, 1 avg. childs
54. 4 animals, 55 plants, 22 avg. energy, -1 avg. life time, 1 avg. childs
55. 4 animals, 55 plants, 24 avg. energy, -1 avg. life time, 1 avg. childs
56. 4 animals, 56 plants, 23 avg. energy, -1 avg. life time, 1 avg. childs
57. 4 animals, 57 plants, 22 avg. energy, -1 avg. life time, 1 avg. childs
58. 3 animals, 58 plants, 28 avg. energy, 18 avg. life time, 1 avg. childs
59. 3 animals, 58 plants, 31 avg. energy, 18 avg. life time, 1 avg. childs
60. 3 animals, 59 plants, 30 avg. energy, 18 avg. life time, 1 avg. childs
61. 3 animals, 60 plants, 29 avg. energy, 18 avg. life time, 1 avg. childs
62. 3 animals, 60 plants, 31 avg. energy, 18 avg. life time, 1 avg. childs
63. 3 animals, 60 plants, 33 avg. energy, 18 avg. life time, 1 avg. childs
64. 3 animals, 61 plants, 32 avg. energy, 18 avg. life time, 1 avg. childs
65. 3 animals, 62 plants, 31 avg. energy, 18 avg. life time, 1 avg. childs
66. 3 animals, 63 plants, 30 avg. energy, 18 avg. life time, 1 avg. childs
67. 3 animals, 63 plants, 33 avg. energy, 18 avg. life time, 1 avg. childs
68. 3 animals, 63 plants, 35 avg. energy, 18 avg. life time, 1 avg. childs
69. 3 animals, 64 plants, 34 avg. energy, 18 avg. life time, 1 avg. childs
70. 3 animals, 65 plants, 33 avg. energy, 18 avg. life time, 1 avg. childs
71. 3 animals, 66 plants, 32 avg. energy, 18 avg. life time, 1 avg. childs
72. 3 animals, 66 plants, 34 avg. energy, 18 avg. life time, 1 avg. childs
73. 3 animals, 67 plants, 33 avg. energy, 18 avg. life time, 1 avg. childs
74. 3 animals, 67 plants, 36 avg. energy, 18 avg. life time, 1 avg. childs
75. 3 animals, 68 plants, 35 avg. energy, 18 avg. life time, 1 avg. childs
76. 3 animals, 69 plants, 34 avg. energy, 18 avg. life time, 1 avg. childs
77. 3 animals, 69 plants, 36 avg. energy, 18 avg. life time, 1 avg. childs
78. 3 animals, 69 plants, 38 avg. energy, 18 avg. life time, 1 avg. childs
79. 3 animals, 69 plants, 41 avg. energy, 18 avg. life time, 1 avg. childs
80. 3 animals, 70 plants, 40 avg. energy, 18 avg. life time, 1 avg. childs
81. 3 animals, 71 plants, 39 avg. energy, 18 avg. life time, 1 avg. childs
82. 3 animals, 71 plants, 41 avg. energy, 18 avg. life time, 1 avg. childs
83. 3 animals, 72 plants, 43 avg. energy, 18 avg. life time, 1 avg. childs
84. 3 animals, 73 plants, 42 avg. energy, 18 avg. life time, 1 avg. childs
85. 3 animals, 73 plants, 45 avg. energy, 18 avg. life time, 1 avg. childs
86. 3 animals, 74 plants, 47 avg. energy, 18 avg. life time, 1 avg. childs
87. 3 animals, 74 plants, 49 avg. energy, 18 avg. life time, 1 avg. childs
88. 3 animals, 76 plants, 48 avg. energy, 18 avg. life time, 1 avg. childs
89. 3 animals, 75 plants, 54 avg. energy, 18 avg. life time, 1 avg. childs
90. 3 animals, 76 plants, 53 avg. energy, 18 avg. life time, 1 avg. childs
91. 3 animals, 76 plants, 55 avg. energy, 18 avg. life time, 1 avg. childs
92. 3 animals, 77 plants, 54 avg. energy, 18 avg. life time, 1 avg. childs
93. 3 animals, 78 plants, 53 avg. energy, 18 avg. life time, 1 avg. childs
94. 3 animals, 79 plants, 52 avg. energy, 18 avg. life time, 1 avg. childs
95. 3 animals, 80 plants, 51 avg. energy, 18 avg. life time, 1 avg. childs
96. 3 animals, 80 plants, 54 avg. energy, 18 avg. life time, 1 avg. childs
97. 3 animals, 80 plants, 56 avg. energy, 18 avg. life time, 1 avg. childs
98. 3 animals, 80 plants, 58 avg. energy, 18 avg. life time, 1 avg. childs
99. 3 animals, 81 plants, 57 avg. energy, 18 avg. life time, 1 avg. childs
100. 3 animals, 82 plants, 56 avg. energy, 18 avg. life time, 1 avg. childs
101. 3 animals, 83 plants, 55 avg. energy, 18 avg. life time, 1 avg. childs
102. 3 animals, 83 plants, 58 avg. energy, 18 avg. life time, 1 avg. childs
103. 3 animals, 84 plants, 57 avg. energy, 18 avg. life time, 1 avg. childs
104. 3 animals, 84 plants, 59 avg. energy, 18 avg. life time, 1 avg. childs
105. 2 animals, 83 plants, 98 avg. energy, 61 avg. life time, 1 avg. childs
106. 2 animals, 84 plants, 97 avg. energy, 61 avg. life time, 1 avg. childs
107. 2 animals, 84 plants, 101 avg. energy, 61 avg. life time, 1 avg. childs
108. 2 animals, 85 plants, 100 avg. energy, 61 avg. life time, 1 avg. childs
109. 2 animals, 86 plants, 99 avg. energy, 61 avg. life time, 1 avg. childs
110. 2 animals, 87 plants, 98 avg. energy, 61 avg. life time, 1 avg. childs
111. 2 animals, 86 plants, 107 avg. energy, 61 avg. life time, 1 avg. childs
112. 2 animals, 86 plants, 111 avg. energy, 61 avg. life time, 1 avg. childs
113. 2 animals, 87 plants, 110 avg. energy, 61 avg. life time, 1 avg. childs
114. 2 animals, 88 plants, 109 avg. energy, 61 avg. life time, 1 avg. childs
115. 2 animals, 89 plants, 108 avg. energy, 61 avg. life time, 1 avg. childs
116. 2 animals, 90 plants, 107 avg. energy, 61 avg. life time, 1 avg. childs
117. 2 animals, 90 plants, 111 avg. energy, 61 avg. life time, 1 avg. childs
118. 2 animals, 91 plants, 110 avg. energy, 61 avg. life time, 1 avg. childs
119. 2 animals, 92 plants, 109 avg. energy, 61 avg. life time, 1 avg. childs
120. 2 animals, 92 plants, 113 avg. energy, 61 avg. life time, 1 avg. childs
121. 2 animals, 93 plants, 112 avg. energy, 61 avg. life time, 1 avg. childs
122. 2 animals, 94 plants, 111 avg. energy, 61 avg. life time, 1 avg. childs
123. 2 animals, 94 plants, 115 avg. energy, 61 avg. life time, 1 avg. childs
124. 2 animals, 94 plants, 119 avg. energy, 61 avg. life time, 1 avg. childs
125. 2 animals, 95 plants, 118 avg. energy, 61 avg. life time, 1 avg. childs
126. 2 animals, 96 plants, 117 avg. energy, 61 avg. life time, 1 avg. childs
127. 2 animals, 97 plants, 116 avg. energy, 61 avg. life time, 1 avg. childs
128. 2 animals, 98 plants, 115 avg. energy, 61 avg. life time, 1 avg. childs
129. 2 animals, 98 plants, 114 avg. energy, 61 avg. life time, 1 avg. childs
130. 2 animals, 98 plants, 113 avg. energy, 61 avg. life time, 1 avg. childs
131. 2 animals, 98 plants, 112 avg. energy, 61 avg. life time, 1 avg. childs
132. 2 animals, 98 plants, 111 avg. energy, 61 avg. life time, 1 avg. childs
133. 2 animals, 98 plants, 110 avg. energy, 61 avg. life time, 1 avg. childs
134. 2 animals, 98 plants, 114 avg. energy, 61 avg. life time, 1 avg. childs
135. 2 animals, 98 plants, 118 avg. energy, 61 avg. life time, 1 avg. childs
136. 2 animals, 98 plants, 122 avg. energy, 61 avg. life time, 1 avg. childs
137. 2 animals, 98 plants, 126 avg. energy, 61 avg. life time, 1 avg. childs
138. 2 animals, 98 plants, 125 avg. energy, 61 avg. life time, 1 avg. childs
139. 2 animals, 98 plants, 124 avg. energy, 61 avg. life time, 1 avg. childs
140. 2 animals, 98 plants, 123 avg. energy, 61 avg. life time, 1 avg. childs
141. 2 animals, 98 plants, 127 avg. energy, 61 avg. life time, 1 avg. childs
142. 2 animals, 98 plants, 126 avg. energy, 61 avg. life time, 1 avg. childs
143. 2 animals, 98 plants, 130 avg. energy, 61 avg. life time, 1 avg. childs
144. 2 animals, 98 plants, 129 avg. energy, 61 avg. life time, 1 avg. childs
145. 2 animals, 98 plants, 128 avg. energy, 61 avg. life time, 1 avg. childs
146. 2 animals, 98 plants, 127 avg. energy, 61 avg. life time, 1 avg. childs
147. 2 animals, 98 plants, 126 avg. energy, 61 avg. life time, 1 avg. childs
148. 2 animals, 98 plants, 130 avg. energy, 61 avg. life time, 1 avg. childs
149. 2 animals, 98 plants, 129 avg. energy, 61 avg. life time, 1 avg. childs
150. 2 animals, 98 plants, 128 avg. energy, 61 avg. life time, 1 avg. childs
151. 2 animals, 98 plants, 127 avg. energy, 61 avg. life time, 1 avg. childs
152. 2 animals, 98 plants, 131 avg. energy, 61 avg. life time, 1 avg. childs
153. 2 animals, 98 plants, 130 avg. energy, 61 avg. life time, 1 avg. childs
154. 2 animals, 98 plants, 129 avg. energy, 61 avg. life time, 1 avg. childs
155. 2 animals, 98 plants, 128 avg. energy, 61 avg. life time, 1 avg. childs
156. 2 animals, 98 plants, 127 avg. energy, 61 avg. life time, 1 avg. childs
157. 2 animals, 98 plants, 131 avg. energy, 61 avg. life time, 1 avg. childs
158. 2 animals, 98 plants, 130 avg. energy, 61 avg. life time, 1 avg. childs
159. 2 animals, 98 plants, 129 avg. energy, 61 avg. life time, 1 avg. childs
160. 2 animals, 98 plants, 128 avg. energy, 61 avg. life time, 1 avg. childs
161. 2 animals, 98 plants, 132 avg. energy, 61 avg. life time, 1 avg. childs
162. 2 animals, 98 plants, 136 avg. energy, 61 avg. life time, 1 avg. childs
163. 2 animals, 98 plants, 140 avg. energy, 61 avg. life time, 1 avg. childs
164. 2 animals, 98 plants, 144 avg. energy, 61 avg. life time, 1 avg. childs
165. 2 animals, 98 plants, 148 avg. energy, 61 avg. life time, 1 avg. childs
166. 2 animals, 98 plants, 147 avg. energy, 61 avg. life time, 1 avg. childs
167. 2 animals, 98 plants, 146 avg. energy, 61 avg. life time, 1 avg. childs
168. 2 animals, 98 plants, 150 avg. energy, 61 avg. life time, 1 avg. childs
169. 2 animals, 98 plants, 149 avg. energy, 61 avg. life time, 1 avg. childs
170. 2 animals, 98 plants, 148 avg. energy, 61 avg. life time, 1 avg. childs
171. 2 animals, 98 plants, 147 avg. energy, 61 avg. life time, 1 avg. childs
172. 2 animals, 98 plants, 151 avg. energy, 61 avg. life time, 1 avg. childs
173. 2 animals, 97 plants, 160 avg. energy, 61 avg. life time, 1 avg. childs
174. 2 animals, 98 plants, 159 avg. energy, 61 avg. life time, 1 avg. childs
175. 2 animals, 98 plants, 163 avg. energy, 61 avg. life time, 1 avg. childs
176. 2 animals, 98 plants, 162 avg. energy, 61 avg. life time, 1 avg. childs
177. 2 animals, 98 plants, 166 avg. energy, 61 avg. life time, 1 avg. childs
178. 2 animals, 98 plants, 170 avg. energy, 61 avg. life time, 1 avg. childs
179. 2 animals, 98 plants, 174 avg. energy, 61 avg. life time, 1 avg. childs
180. 2 animals, 98 plants, 178 avg. energy, 61 avg. life time, 1 avg. childs
181. 2 animals, 97 plants, 187 avg. energy, 61 avg. life time, 1 avg. childs
182. 2 animals, 98 plants, 186 avg. energy, 61 avg. life time, 1 avg. childs
183. 2 animals, 98 plants, 185 avg. energy, 61 avg. life time, 1 avg. childs
184. 2 animals, 97 plants, 194 avg. energy, 61 avg. life time, 1 avg. childs
185. 2 animals, 97 plants, 198 avg. energy, 61 avg. life time, 1 avg. childs
186. 2 animals, 97 plants, 202 avg. energy, 61 avg. life time, 1 avg. childs
187. 2 animals, 98 plants, 201 avg. energy, 61 avg. life time, 1 avg. childs
188. 2 animals, 98 plants, 200 avg. energy, 61 avg. life time, 1 avg. childs
189. 2 animals, 98 plants, 204 avg. energy, 61 avg. life time, 1 avg. childs
190. 2 animals, 98 plants, 208 avg. energy, 61 avg. life time, 1 avg. childs
191. 2 animals, 98 plants, 212 avg. energy, 61 avg. life time, 1 avg. childs
192. 2 animals, 98 plants, 211 avg. energy, 61 avg. life time, 1 avg. childs
193. 2 animals, 98 plants, 215 avg. energy, 61 avg. life time, 1 avg. childs
194. 2 animals, 98 plants, 214 avg. energy, 61 avg. life time, 1 avg. childs
195. 2 animals, 98 plants, 213 avg. energy, 61 avg. life time, 1 avg. childs
196. 2 animals, 98 plants, 217 avg. energy, 61 avg. life time, 1 avg. childs
197. 2 animals, 98 plants, 216 avg. energy, 61 avg. life time, 1 avg. childs
198. 2 animals, 98 plants, 215 avg. energy, 61 avg. life time, 1 avg. childs
199. 2 animals, 98 plants, 214 avg. energy, 61 avg. life time, 1 avg. childs
200. 2 animals, 98 plants, 218 avg. energy, 61 avg. life time, 1 avg. childs
201. 2 animals, 97 plants, 227 avg. energy, 61 avg. life time, 1 avg. childs
202. 2 animals, 98 plants, 226 avg. energy, 61 avg. life time, 1 avg. childs
203. 2 animals, 98 plants, 225 avg. energy, 61 avg. life time, 1 avg. childs
204. 2 animals, 98 plants, 229 avg. energy, 61 avg. life time, 1 avg. childs
205. 2 animals, 98 plants, 228 avg. energy, 61 avg. life time, 1 avg. childs
206. 2 animals, 98 plants, 227 avg. energy, 61 avg. life time, 1 avg. childs
207. 2 animals, 98 plants, 226 avg. energy, 61 avg. life time, 1 avg. childs
208. 2 animals, 98 plants, 225 avg. energy, 61 avg. life time, 1 avg. childs
209. 2 animals, 98 plants, 229 avg. energy, 61 avg. life time, 1 avg. childs
210. 2 animals, 98 plants, 228 avg. energy, 61 avg. life time, 1 avg. childs
211. 2 animals, 98 plants, 227 avg. energy, 61 avg. life time, 1 avg. childs
212. 2 animals, 98 plants, 226 avg. energy, 61 avg. life time, 1 avg. childs
213. 2 animals, 98 plants, 225 avg. energy, 61 avg. life time, 1 avg. childs
214. 2 animals, 98 plants, 229 avg. energy, 61 avg. life time, 1 avg. childs
215. 2 animals, 98 plants, 228 avg. energy, 61 avg. life time, 1 avg. childs
216. 2 animals, 98 plants, 227 avg. energy, 61 avg. life time, 1 avg. childs
217. 2 animals, 98 plants, 231 avg. energy, 61 avg. life time, 1 avg. childs
218. 2 animals, 97 plants, 240 avg. energy, 61 avg. life time, 1 avg. childs
219. 2 animals, 98 plants, 239 avg. energy, 61 avg. life time, 1 avg. childs
220. 2 animals, 98 plants, 243 avg. energy, 61 avg. life time, 1 avg. childs
221. 2 animals, 98 plants, 242 avg. energy, 61 avg. life time, 1 avg. childs
222. 2 animals, 98 plants, 246 avg. energy, 61 avg. life time, 1 avg. childs
223. 2 animals, 98 plants, 245 avg. energy, 61 avg. life time, 1 avg. childs
224. 2 animals, 98 plants, 244 avg. energy, 61 avg. life time, 1 avg. childs
225. 2 animals, 98 plants, 248 avg. energy, 61 avg. life time, 1 avg. childs
226. 2 animals, 98 plants, 252 avg. energy, 61 avg. life time, 1 avg. childs
227. 2 animals, 98 plants, 251 avg. energy, 61 avg. life time, 1 avg. childs
228. 2 animals, 98 plants, 250 avg. energy, 61 avg. life time, 1 avg. childs
229. 2 animals, 98 plants, 254 avg. energy, 61 avg. life time, 1 avg. childs
230. 2 animals, 98 plants, 258 avg. energy, 61 avg. life time, 1 avg. childs
231. 2 animals, 98 plants, 262 avg. energy, 61 avg. life time, 1 avg. childs
232. 2 animals, 98 plants, 266 avg. energy, 61 avg. life time, 1 avg. childs
233. 2 animals, 98 plants, 270 avg. energy, 61 avg. life time, 1 avg. childs
234. 2 animals, 98 plants, 274 avg. energy, 61 avg. life time, 1 avg. childs
235. 2 animals, 98 plants, 273 avg. energy, 61 avg. life time, 1 avg. childs
236. 2 animals, 98 plants, 272 avg. energy, 61 avg. life time, 1 avg. childs
237. 2 animals, 98 plants, 271 avg. energy, 61 avg. life time, 1 avg. childs
238. 2 animals, 98 plants, 270 avg. energy, 61 avg. life time, 1 avg. childs
239. 2 animals, 98 plants, 274 avg. energy, 61 avg. life time, 1 avg. childs
240. 2 animals, 98 plants, 278 avg. energy, 61 avg. life time, 1 avg. childs
241. 2 animals, 98 plants, 277 avg. energy, 61 avg. life time, 1 avg. childs
242. 2 animals, 98 plants, 276 avg. energy, 61 avg. life time, 1 avg. childs
243. 2 animals, 98 plants, 280 avg. energy, 61 avg. life time, 1 avg. childs
244. 2 animals, 98 plants, 284 avg. energy, 61 avg. life time, 1 avg. childs
245. 2 animals, 98 plants, 283 avg. energy, 61 avg. life time, 1 avg. childs
246. 2 animals, 98 plants, 287 avg. energy, 61 avg. life time, 1 avg. childs
247. 2 animals, 98 plants, 286 avg. energy, 61 avg. life time, 1 avg. childs
248. 2 animals, 98 plants, 290 avg. energy, 61 avg. life time, 1 avg. childs
249. 2 animals, 98 plants, 289 avg. energy, 61 avg. life time, 1 avg. childs
250. 2 animals, 98 plants, 293 avg. energy, 61 avg. life time, 1 avg. childs
251. 2 animals, 98 plants, 297 avg. energy, 61 avg. life time, 1 avg. childs
252. 2 animals, 98 plants, 301 avg. energy, 61 avg. life time, 1 avg. childs
253. 2 animals, 98 plants, 305 avg. energy, 61 avg. life time, 1 avg. childs
254. 2 animals, 98 plants, 304 avg. energy, 61 avg. life time, 1 avg. childs
255. 2 animals, 98 plants, 308 avg. energy, 61 avg. life time, 1 avg. childs
256. 2 animals, 98 plants, 312 avg. energy, 61 avg. life time, 1 avg. childs
257. 2 animals, 98 plants, 316 avg. energy, 61 avg. life time, 1 avg. childs
258. 2 animals, 98 plants, 320 avg. energy, 61 avg. life time, 1 avg. childs
259. 2 animals, 98 plants, 329 avg. energy, 61 avg. life time, 1 avg. childs
260. 2 animals, 98 plants, 328 avg. energy, 61 avg. life time, 1 avg. childs
261. 2 animals, 98 plants, 327 avg. energy, 61 avg. life time, 1 avg. childs
262. 2 animals, 98 plants, 326 avg. energy, 61 avg. life time, 1 avg. childs
263. 2 animals, 98 plants, 330 avg. energy, 61 avg. life time, 1 avg. childs
264. 2 animals, 98 plants, 334 avg. energy, 61 avg. life time, 1 avg. childs
265. 2 animals, 98 plants, 333 avg. energy, 61 avg. life time, 1 avg. childs
266. 2 animals, 98 plants, 332 avg. energy, 61 avg. life time, 1 avg. childs
267. 2 animals, 98 plants, 331 avg. energy, 61 avg. life time, 1 avg. childs
268. 2 animals, 98 plants, 330 avg. energy, 61 avg. life time, 1 avg. childs
269. 2 animals, 98 plants, 334 avg. energy, 61 avg. life time, 1 avg. childs
270. 2 animals, 98 plants, 333 avg. energy, 61 avg. life time, 1 avg. childs
271. 2 animals, 98 plants, 337 avg. energy, 61 avg. life time, 1 avg. childs
272. 2 animals, 98 plants, 336 avg. energy, 61 avg. life time, 1 avg. childs
273. 2 animals, 98 plants, 335 avg. energy, 61 avg. life time, 1 avg. childs
274. 2 animals, 98 plants, 334 avg. energy, 61 avg. life time, 1 avg. childs
275. 2 animals, 98 plants, 333 avg. energy, 61 avg. life time, 1 avg. childs
276. 2 animals, 98 plants, 337 avg. energy, 61 avg. life time, 1 avg. childs
277. 2 animals, 98 plants, 336 avg. energy, 61 avg. life time, 1 avg. childs
278. 2 animals, 98 plants, 335 avg. energy, 61 avg. life time, 1 avg. childs
279. 2 animals, 98 plants, 334 avg. energy, 61 avg. life time, 1 avg. childs
280. 2 animals, 97 plants, 343 avg. energy, 61 avg. life time, 1 avg. childs
281. 2 animals, 97 plants, 352 avg. energy, 61 avg. life time, 1 avg. childs
282. 2 animals, 98 plants, 351 avg. energy, 61 avg. life time, 1 avg. childs
283. 2 animals, 98 plants, 355 avg. energy, 61 avg. life time, 1 avg. childs
284. 2 animals, 98 plants, 359 avg. energy, 61 avg. life time, 1 avg. childs
285. 2 animals, 98 plants, 363 avg. energy, 61 avg. life time, 1 avg. childs
286. 2 animals, 98 plants, 367 avg. energy, 61 avg. life time, 1 avg. childs
287. 2 animals, 98 plants, 371 avg. energy, 61 avg. life time, 1 avg. childs
288. 2 animals, 98 plants, 375 avg. energy, 61 avg. life time, 1 avg. childs
289. 2 animals, 98 plants, 374 avg. energy, 61 avg. life time, 1 avg. childs
290. 2 animals, 98 plants, 378 avg. energy, 61 avg. life time, 1 avg. childs
291. 2 animals, 98 plants, 382 avg. energy, 61 avg. life time, 1 avg. childs
292. 2 animals, 98 plants, 386 avg. energy, 61 avg. life time, 1 avg. childs
293. 2 animals, 98 plants, 385 avg. energy, 61 avg. life time, 1 avg. childs
294. 2 animals, 98 plants, 389 avg. energy, 61 avg. life time, 1 avg. childs
295. 2 animals, 97 plants, 398 avg. energy, 61 avg. life time, 1 avg. childs
296. 2 animals, 98 plants, 397 avg. energy, 61 avg. life time, 1 avg. childs
297. 2 animals, 98 plants, 401 avg. energy, 61 avg. life time, 1 avg. childs
298. 2 animals, 98 plants, 405 avg. energy, 61 avg. life time, 1 avg. childs
299. 2 animals, 98 plants, 409 avg. energy, 61 avg. life time, 1 avg. childs
300. 2 animals, 98 plants, 408 avg. energy, 61 avg. life time, 1 avg. childs
301. 2 animals, 98 plants, 407 avg. energy, 61 avg. life time, 1 avg. childs
302. 2 animals, 98 plants, 406 avg. energy, 61 avg. life time, 1 avg. childs
303. 2 animals, 98 plants, 410 avg. energy, 61 avg. life time, 1 avg. childs
304. 2 animals, 98 plants, 409 avg. energy, 61 avg. life time, 1 avg. childs
305. 2 animals, 98 plants, 408 avg. energy, 61 avg. life time, 1 avg. childs
306. 2 animals, 98 plants, 407 avg. energy, 61 avg. life time, 1 avg. childs
307. 2 animals, 98 plants, 406 avg. energy, 61 avg. life time, 1 avg. childs
308. 2 animals, 98 plants, 410 avg. energy, 61 avg. life time, 1 avg. childs
309. 2 animals, 98 plants, 414 avg. energy, 61 avg. life time, 1 avg. childs
310. 2 animals, 98 plants, 413 avg. energy, 61 avg. life time, 1 avg. childs
311. 2 animals, 98 plants, 417 avg. energy, 61 avg. life time, 1 avg. childs
312. 2 animals, 98 plants, 416 avg. energy, 61 avg. life time, 1 avg. childs
313. 2 animals, 98 plants, 420 avg. energy, 61 avg. life time, 1 avg. childs
314. 2 animals, 98 plants, 424 avg. energy, 61 avg. life time, 1 avg. childs
315. 2 animals, 98 plants, 428 avg. energy, 61 avg. life time, 1 avg. childs
316. 2 animals, 98 plants, 427 avg. energy, 61 avg. life time, 1 avg. childs
317. 2 animals, 98 plants, 431 avg. energy, 61 avg. life time, 1 avg. childs
318. 2 animals, 98 plants, 435 avg. energy, 61 avg. life time, 1 avg. childs
319. 2 animals, 98 plants, 439 avg. energy, 61 avg. life time, 1 avg. childs
320. 2 animals, 98 plants, 443 avg. energy, 61 avg. life time, 1 avg. childs
321. 2 animals, 98 plants, 442 avg. energy, 61 avg. life time, 1 avg. childs
322. 2 animals, 98 plants, 446 avg. energy, 61 avg. life time, 1 avg. childs
323. 2 animals, 98 plants, 450 avg. energy, 61 avg. life time, 1 avg. childs
324. 2 animals, 98 plants, 449 avg. energy, 61 avg. life time, 1 avg. childs
325. 2 animals, 98 plants, 448 avg. energy, 61 avg. life time, 1 avg. childs
326. 2 animals, 98 plants, 447 avg. energy, 61 avg. life time, 1 avg. childs
327. 2 animals, 98 plants, 446 avg. energy, 61 avg. life time, 1 avg. childs
328. 2 animals, 98 plants, 450 avg. energy, 61 avg. life time, 1 avg. childs
329. 2 animals, 98 plants, 449 avg. energy, 61 avg. life time, 1 avg. childs
330. 2 animals, 98 plants, 453 avg. energy, 61 avg. life time, 1 avg. childs
331. 2 animals, 98 plants, 452 avg. energy, 61 avg. life time, 1 avg. childs
332. 2 animals, 98 plants, 456 avg. energy, 61 avg. life time, 1 avg. childs
333. 2 animals, 98 plants, 460 avg. energy, 61 avg. life time, 1 avg. childs
334. 2 animals, 98 plants, 459 avg. energy, 61 avg. life time, 1 avg. childs
335. 2 animals, 98 plants, 458 avg. energy, 61 avg. life time, 1 avg. childs
336. 2 animals, 98 plants, 462 avg. energy, 61 avg. life time, 1 avg. childs
337. 2 animals, 98 plants, 461 avg. energy, 61 avg. life time, 1 avg. childs
338. 2 animals, 98 plants, 465 avg. energy, 61 avg. life time, 1 avg. childs
339. 2 animals, 98 plants, 469 avg. energy, 61 avg. life time, 1 avg. childs
340. 2 animals, 98 plants, 473 avg. energy, 61 avg. life time, 1 avg. childs
341. 2 animals, 98 plants, 477 avg. energy, 61 avg. life time, 1 avg. childs
342. 2 animals, 98 plants, 481 avg. energy, 61 avg. life time, 1 avg. childs
343. 2 animals, 98 plants, 480 avg. energy, 61 avg. life time, 1 avg. childs
344. 2 animals, 98 plants, 484 avg. energy, 61 avg. life time, 1 avg. childs
345. 2 animals, 98 plants, 483 avg. energy, 61 avg. life time, 1 avg. childs
346. 2 animals, 98 plants, 482 avg. energy, 61 avg. life time, 1 avg. childs
347. 2 animals, 98 plants, 486 avg. energy, 61 avg. life time, 1 avg. childs
348. 2 animals, 98 plants, 490 avg. energy, 61 avg. life time, 1 avg. childs
349. 2 animals, 98 plants, 494 avg. energy, 61 avg. life time, 1 avg. childs
350. 2 animals, 98 plants, 498 avg. energy, 61 avg. life time, 1 avg. childs
351. 2 animals, 98 plants, 502 avg. energy, 61 avg. life time, 1 avg. childs
352. 2 animals, 98 plants, 501 avg. energy, 61 avg. life time, 1 avg. childs
353. 2 animals, 98 plants, 505 avg. energy, 61 avg. life time, 1 avg. childs
354. 2 animals, 98 plants, 504 avg. energy, 61 avg. life time, 1 avg. childs
355. 2 animals, 98 plants, 508 avg. energy, 61 avg. life time, 1 avg. childs
356. 2 animals, 98 plants, 512 avg. energy, 61 avg. life time, 1 avg. childs
357. 2 animals, 97 plants, 521 avg. energy, 61 avg. life time, 1 avg. childs
358. 2 animals, 98 plants, 520 avg. energy, 61 avg. life time, 1 avg. childs
359. 2 animals, 98 plants, 524 avg. energy, 61 avg. life time, 1 avg. childs
360. 2 animals, 97 plants, 533 avg. energy, 61 avg. life time, 1 avg. childs
361. 2 animals, 98 plants, 532 avg. energy, 61 avg. life time, 1 avg. childs
362. 2 animals, 98 plants, 536 avg. energy, 61 avg. life time, 1 avg. childs
363. 2 animals, 98 plants, 535 avg. energy, 61 avg. life time, 1 avg. childs
364. 2 animals, 98 plants, 534 avg. energy, 61 avg. life time, 1 avg. childs
365. 2 animals, 98 plants, 533 avg. energy, 61 avg. life time, 1 avg. childs
366. 2 animals, 98 plants, 532 avg. energy, 61 avg. life time, 1 avg. childs
367. 2 animals, 98 plants, 531 avg. energy, 61 avg. life time, 1 avg. childs
368. 2 animals, 98 plants, 535 avg. energy, 61 avg. life time, 1 avg. childs
369. 2 animals, 98 plants, 534 avg. energy, 61 avg. life time, 1 avg. childs
370. 2 animals, 98 plants, 533 avg. energy, 61 avg. life time, 1 avg. childs
371. 2 animals, 98 plants, 537 avg. energy, 61 avg. life time, 1 avg. childs
372. 2 animals, 97 plants, 546 avg. energy, 61 avg. life time, 1 avg. childs
373. 2 animals, 97 plants, 550 avg. energy, 61 avg. life time, 1 avg. childs
374. 2 animals, 98 plants, 549 avg. energy, 61 avg. life time, 1 avg. childs
375. 2 animals, 98 plants, 548 avg. energy, 61 avg. life time, 1 avg. childs
376. 2 animals, 98 plants, 547 avg. energy, 61 avg. life time, 1 avg. childs
377. 2 animals, 98 plants, 546 avg. energy, 61 avg. life time, 1 avg. childs
378. 2 animals, 98 plants, 550 avg. energy, 61 avg. life time, 1 avg. childs
379. 2 animals, 98 plants, 549 avg. energy, 61 avg. life time, 1 avg. childs
380. 2 animals, 98 plants, 553 avg. energy, 61 avg. life time, 1 avg. childs
381. 2 animals, 98 plants, 552 avg. energy, 61 avg. life time, 1 avg. childs
382. 2 animals, 98 plants, 556 avg. energy, 61 avg. life time, 1 avg. childs
383. 2 animals, 98 plants, 555 avg. energy, 61 avg. life time, 1 avg. childs
384. 2 animals, 98 plants, 554 avg. energy, 61 avg. life time, 1 avg. childs
385. 2 animals, 98 plants, 553 avg. energy, 61 avg. life time, 1 avg. childs
386. 2 animals, 98 plants, 557 avg. energy, 61 avg. life time, 1 avg. childs
387. 2 animals, 98 plants, 556 avg. energy, 61 avg. life time, 1 avg. childs
388. 2 animals, 98 plants, 560 avg. energy, 61 avg. life time, 1 avg. childs
389. 2 animals, 98 plants, 564 avg. energy, 61 avg. life time, 1 avg. childs
390. 2 animals, 98 plants, 568 avg. energy, 61 avg. life time, 1 avg. childs
391. 2 animals, 97 plants, 577 avg. energy, 61 avg. life time, 1 avg. childs
392. 2 animals, 98 plants, 576 avg. energy, 61 avg. life time, 1 avg. childs
393. 2 animals, 97 plants, 585 avg. energy, 61 avg. life time, 1 avg. childs
394. 2 animals, 97 plants, 589 avg. energy, 61 avg. life time, 1 avg. childs
395. 2 animals, 98 plants, 588 avg. energy, 61 avg. life time, 1 avg. childs
396. 2 animals, 98 plants, 587 avg. energy, 61 avg. life time, 1 avg. childs
397. 2 animals, 98 plants, 586 avg. energy, 61 avg. life time, 1 avg. childs
398. 2 animals, 98 plants, 590 avg. energy, 61 avg. life time, 1 avg. childs
399. 2 animals, 98 plants, 589 avg. energy, 61 avg. life time, 1 avg. childs
400. 2 animals, 98 plants, 593 avg. energy, 61 avg. life time, 1 avg. childs
401. 2 animals, 98 plants, 592 avg. energy, 61 avg. life time, 1 avg. childs
402. 2 animals, 98 plants, 591 avg. energy, 61 avg. life time, 1 avg. childs
403. 2 animals, 98 plants, 590 avg. energy, 61 avg. life time, 1 avg. childs
404. 2 animals, 97 plants, 599 avg. energy, 61 avg. life time, 1 avg. childs
405. 2 animals, 98 plants, 598 avg. energy, 61 avg. life time, 1 avg. childs
406. 2 animals, 98 plants, 597 avg. energy, 61 avg. life time, 1 avg. childs
407. 2 animals, 98 plants, 596 avg. energy, 61 avg. life time, 1 avg. childs
408. 2 animals, 98 plants, 595 avg. energy, 61 avg. life time, 1 avg. childs
409. 2 animals, 98 plants, 599 avg. energy, 61 avg. life time, 1 avg. childs
410. 2 animals, 98 plants, 603 avg. energy, 61 avg. life time, 1 avg. childs
411. 2 animals, 98 plants, 602 avg. energy, 61 avg. life time, 1 avg. childs
412. 2 animals, 97 plants, 611 avg. energy, 61 avg. life time, 1 avg. childs
413. 2 animals, 98 plants, 610 avg. energy, 61 avg. life time, 1 avg. childs
414. 2 animals, 98 plants, 614 avg. energy, 61 avg. life time, 1 avg. childs
415. 2 animals, 98 plants, 618 avg. energy, 61 avg. life time, 1 avg. childs
416. 2 animals, 98 plants, 622 avg. energy, 61 avg. life time, 1 avg. childs
417. 2 animals, 98 plants, 621 avg. energy, 61 avg. life time, 1 avg. childs
418. 2 animals, 98 plants, 620 avg. energy, 61 avg. life time, 1 avg. childs
419. 2 animals, 98 plants, 624 avg. energy, 61 avg. life time, 1 avg. childs
420. 2 animals, 98 plants, 623 avg. energy, 61 avg. life time, 1 avg. childs
421. 2 animals, 98 plants, 622 avg. energy, 61 avg. life time, 1 avg. childs
422. 2 animals, 98 plants, 626 avg. energy, 61 avg. life time, 1 avg. childs
423. 2 animals, 98 plants, 625 avg. energy, 61 avg. life time, 1 avg. childs
424. 2 animals, 97 plants, 634 avg. energy, 61 avg. life time, 1 avg. childs
425. 2 animals, 98 plants, 633 avg. energy, 61 avg. life time, 1 avg. childs
426. 2 animals, 98 plants, 632 avg. energy, 61 avg. life time, 1 avg. childs
427. 2 animals, 98 plants, 636 avg. energy, 61 avg. life time, 1 avg. childs
428. 2 animals, 98 plants, 640 avg. energy, 61 avg. life time, 1 avg. childs
429. 2 animals, 98 plants, 639 avg. energy, 61 avg. life time, 1 avg. childs
430. 2 animals, 98 plants, 638 avg. energy, 61 avg. life time, 1 avg. childs
431. 2 animals, 98 plants, 642 avg. energy, 61 avg. life time, 1 avg. childs
432. 2 animals, 98 plants, 641 avg. energy, 61 avg. life time, 1 avg. childs
433. 2 animals, 98 plants, 645 avg. energy, 61 avg. life time, 1 avg. childs
434. 2 animals, 98 plants, 649 avg. energy, 61 avg. life time, 1 avg. childs
435. 2 animals, 98 plants, 648 avg. energy, 61 avg. life time, 1 avg. childs
436. 2 animals, 98 plants, 652 avg. energy, 61 avg. life time, 1 avg. childs
437. 2 animals, 98 plants, 656 avg. energy, 61 avg. life time, 1 avg. childs
438. 2 animals, 98 plants, 655 avg. energy, 61 avg. life time, 1 avg. childs
439. 2 animals, 98 plants, 659 avg. energy, 61 avg. life time, 1 avg. childs
440. 2 animals, 98 plants, 658 avg. energy, 61 avg. life time, 1 avg. childs
441. 2 animals, 98 plants, 657 avg. energy, 61 avg. life time, 1 avg. childs
442. 2 animals, 97 plants, 666 avg. energy, 61 avg. life time, 1 avg. childs
443. 2 animals, 98 plants, 665 avg. energy, 61 avg. life time, 1 avg. childs
444. 2 animals, 98 plants, 664 avg. energy, 61 avg. life time, 1 avg. childs
445. 2 animals, 97 plants, 673 avg. energy, 61 avg. life time, 1 avg. childs
446. 2 animals, 98 plants, 672 avg. energy, 61 avg. life time, 1 avg. childs
447. 2 animals, 98 plants, 676 avg. energy, 61 avg. life time, 1 avg. childs
448. 2 animals, 98 plants, 680 avg. energy, 61 avg. life time, 1 avg. childs
449. 2 animals, 98 plants, 679 avg. energy, 61 avg. life time, 1 avg. childs
450. 2 animals, 98 plants, 683 avg. energy, 61 avg. life time, 1 avg. childs
451. 2 animals, 98 plants, 687 avg. energy, 61 avg. life time, 1 avg. childs
452. 2 animals, 98 plants, 691 avg. energy, 61 avg. life time, 1 avg. childs
453. 2 animals, 98 plants, 690 avg. energy, 61 avg. life time, 1 avg. childs
454. 2 animals, 97 plants, 699 avg. energy, 61 avg. life time, 1 avg. childs
455. 2 animals, 97 plants, 703 avg. energy, 61 avg. life time, 1 avg. childs
456. 2 animals, 97 plants, 707 avg. energy, 61 avg. life time, 1 avg. childs
457. 2 animals, 98 plants, 706 avg. energy, 61 avg. life time, 1 avg. childs
458. 2 animals, 98 plants, 705 avg. energy, 61 avg. life time, 1 avg. childs
459. 2 animals, 98 plants, 709 avg. energy, 61 avg. life time, 1 avg. childs
460. 2 animals, 98 plants, 713 avg. energy, 61 avg. life time, 1 avg. childs
461. 2 animals, 97 plants, 722 avg. energy, 61 avg. life time, 1 avg. childs
462. 2 animals, 98 plants, 721 avg. energy, 61 avg. life time, 1 avg. childs
463. 2 animals, 98 plants, 725 avg. energy, 61 avg. life time, 1 avg. childs
464. 2 animals, 98 plants, 724 avg. energy, 61 avg. life time, 1 avg. childs
465. 2 animals, 98 plants, 728 avg. energy, 61 avg. life time, 1 avg. childs
466. 2 animals, 98 plants, 732 avg. energy, 61 avg. life time, 1 avg. childs
467. 2 animals, 98 plants, 731 avg. energy, 61 avg. life time, 1 avg. childs
468. 2 animals, 98 plants, 735 avg. energy, 61 avg. life time, 1 avg. childs
469. 2 animals, 98 plants, 734 avg. energy, 61 avg. life time, 1 avg. childs
470. 2 animals, 98 plants, 733 avg. energy, 61 avg. life time, 1 avg. childs
471. 2 animals, 98 plants, 732 avg. energy, 61 avg. life time, 1 avg. childs
472. 2 animals, 98 plants, 731 avg. energy, 61 avg. life time, 1 avg. childs
473. 2 animals, 98 plants, 735 avg. energy, 61 avg. life time, 1 avg. childs
474. 2 animals, 98 plants, 739 avg. energy, 61 avg. life time, 1 avg. childs
475. 2 animals, 98 plants, 743 avg. energy, 61 avg. life time, 1 avg. childs
476. 2 animals, 98 plants, 742 avg. energy, 61 avg. life time, 1 avg. childs
477. 2 animals, 98 plants, 741 avg. energy, 61 avg. life time, 1 avg. childs
478. 2 animals, 97 plants, 750 avg. energy, 61 avg. life time, 1 avg. childs
479. 2 animals, 97 plants, 754 avg. energy, 61 avg. life time, 1 avg. childs
480. 2 animals, 97 plants, 758 avg. energy, 61 avg. life time, 1 avg. childs
481. 2 animals, 97 plants, 762 avg. energy, 61 avg. life time, 1 avg. childs
482. 2 animals, 98 plants, 761 avg. energy, 61 avg. life time, 1 avg. childs
483. 2 animals, 98 plants, 760 avg. energy, 61 avg. life time, 1 avg. childs
484. 2 animals, 98 plants, 764 avg. energy, 61 avg. life time, 1 avg. childs
485. 2 animals, 98 plants, 768 avg. energy, 61 avg. life time, 1 avg. childs
486. 2 animals, 98 plants, 772 avg. energy, 61 avg. life time, 1 avg. childs
487. 2 animals, 98 plants, 771 avg. energy, 61 avg. life time, 1 avg. childs
488. 2 animals, 98 plants, 770 avg. energy, 61 avg. life time, 1 avg. childs
489. 2 animals, 98 plants, 774 avg. energy, 61 avg. life time, 1 avg. childs
490. 2 animals, 98 plants, 778 avg. energy, 61 avg. life time, 1 avg. childs
491. 2 animals, 98 plants, 777 avg. energy, 61 avg. life time, 1 avg. childs
492. 2 animals, 98 plants, 781 avg. energy, 61 avg. life time, 1 avg. childs
493. 2 animals, 98 plants, 780 avg. energy, 61 avg. life time, 1 avg. childs
494. 2 animals, 98 plants, 779 avg. energy, 61 avg. life time, 1 avg. childs
495. 2 animals, 98 plants, 778 avg. energy, 61 avg. life time, 1 avg. childs
496. 2 animals, 98 plants, 777 avg. energy, 61 avg. life time, 1 avg. childs
497. 2 animals, 98 plants, 776 avg. energy, 61 avg. life time, 1 avg. childs
498. 2 animals, 98 plants, 775 avg. energy, 61 avg. life time, 1 avg. childs
499. 2 animals, 98 plants, 774 avg. energy, 61 avg. life time, 1 avg. childs
500. 2 animals, 98 plants, 773 avg. energy, 61 avg. life time, 1 avg. childs
501. 2 animals, 98 plants, 772 avg. energy, 61 avg. life time, 1 avg. childs
502. 2 animals, 97 plants, 781 avg. energy, 61 avg. life time, 1 avg. childs
503. 2 animals, 98 plants, 780 avg. energy, 61 avg. life time, 1 avg. childs
504. 2 animals, 98 plants, 784 avg. energy, 61 avg. life time, 1 avg. childs
505. 2 animals, 98 plants, 783 avg. energy, 61 avg. life time, 1 avg. childs
506. 2 animals, 98 plants, 787 avg. energy, 61 avg. life time, 1 avg. childs
507. 2 animals, 97 plants, 796 avg. energy, 61 avg. life time, 1 avg. childs
508. 2 animals, 98 plants, 795 avg. energy, 61 avg. life time, 1 avg. childs
509. 2 animals, 98 plants, 794 avg. energy, 61 avg. life time, 1 avg. childs
510. 2 animals, 98 plants, 793 avg. energy, 61 avg. life time, 1 avg. childs
511. 2 animals, 98 plants, 797 avg. energy, 61 avg. life time, 1 avg. childs
512. 2 animals, 98 plants, 796 avg. energy, 61 avg. life time, 1 avg. childs
513. 2 animals, 98 plants, 795 avg. energy, 61 avg. life time, 1 avg. childs
514. 2 animals, 98 plants, 799 avg. energy, 61 avg. life time, 1 avg. childs
515. 2 animals, 98 plants, 803 avg. energy, 61 avg. life time, 1 avg. childs
516. 2 animals, 98 plants, 802 avg. energy, 61 avg. life time, 1 avg. childs
517. 2 animals, 97 plants, 811 avg. energy, 61 avg. life time, 1 avg. childs
518. 2 animals, 97 plants, 815 avg. energy, 61 avg. life time, 1 avg. childs
519. 2 animals, 98 plants, 814 avg. energy, 61 avg. life time, 1 avg. childs
520. 2 animals, 98 plants, 818 avg. energy, 61 avg. life time, 1 avg. childs
521. 2 animals, 98 plants, 817 avg. energy, 61 avg. life time, 1 avg. childs
522. 2 animals, 98 plants, 821 avg. energy, 61 avg. life time, 1 avg. childs
523. 2 animals, 98 plants, 825 avg. energy, 61 avg. life time, 1 avg. childs
524. 2 animals, 98 plants, 829 avg. energy, 61 avg. life time, 1 avg. childs
525. 2 animals, 98 plants, 828 avg. energy, 61 avg. life time, 1 avg. childs
526. 2 animals, 98 plants, 832 avg. energy, 61 avg. life time, 1 avg. childs
527. 2 animals, 98 plants, 836 avg. energy, 61 avg. life time, 1 avg. childs
528. 2 animals, 98 plants, 840 avg. energy, 61 avg. life time, 1 avg. childs
529. 2 animals, 98 plants, 839 avg. energy, 61 avg. life time, 1 avg. childs
530. 2 animals, 98 plants, 843 avg. energy, 61 avg. life time, 1 avg. childs
531. 2 animals, 98 plants, 847 avg. energy, 61 avg. life time, 1 avg. childs
532. 2 animals, 98 plants, 846 avg. energy, 61 avg. life time, 1 avg. childs
533. 2 animals, 98 plants, 850 avg. energy, 61 avg. life time, 1 avg. childs
534. 2 animals, 98 plants, 854 avg. energy, 61 avg. life time, 1 avg. childs
535. 2 animals, 98 plants, 853 avg. energy, 61 avg. life time, 1 avg. childs
536. 2 animals, 98 plants, 857 avg. energy, 61 avg. life time, 1 avg. childs
537. 2 animals, 98 plants, 856 avg. energy, 61 avg. life time, 1 avg. childs
538. 2 animals, 98 plants, 860 avg. energy, 61 avg. life time, 1 avg. childs
539. 2 animals, 98 plants, 859 avg. energy, 61 avg. life time, 1 avg. childs
540. 2 animals, 98 plants, 858 avg. energy, 61 avg. life time, 1 avg. childs
541. 2 animals, 98 plants, 857 avg. energy, 61 avg. life time, 1 avg. childs
542. 2 animals, 98 plants, 856 avg. energy, 61 avg. life time, 1 avg. childs
543. 2 animals, 98 plants, 855 avg. energy, 61 avg. life time, 1 avg. childs
544. 2 animals, 98 plants, 854 avg. energy, 61 avg. life time, 1 avg. childs
545. 2 animals, 98 plants, 853 avg. energy, 61 avg. life time, 1 avg. childs
546. 2 animals, 98 plants, 852 avg. energy, 61 avg. life time, 1 avg. childs
547. 2 animals, 97 plants, 861 avg. energy, 61 avg. life time, 1 avg. childs
548. 2 animals, 97 plants, 865 avg. energy, 61 avg. life time, 1 avg. childs
549. 2 animals, 98 plants, 864 avg. energy, 61 avg. life time, 1 avg. childs
550. 2 animals, 98 plants, 863 avg. energy, 61 avg. life time, 1 avg. childs
551. 2 animals, 98 plants, 862 avg. energy, 61 avg. life time, 1 avg. childs
552. 2 animals, 98 plants, 866 avg. energy, 61 avg. life time, 1 avg. childs
553. 2 animals, 97 plants, 875 avg. energy, 61 avg. life time, 1 avg. childs
554. 2 animals, 97 plants, 879 avg. energy, 61 avg. life time, 1 avg. childs
555. 2 animals, 98 plants, 878 avg. energy, 61 avg. life time, 1 avg. childs
556. 2 animals, 98 plants, 877 avg. energy, 61 avg. life time, 1 avg. childs
557. 2 animals, 98 plants, 881 avg. energy, 61 avg. life time, 1 avg. childs
558. 2 animals, 98 plants, 880 avg. energy, 61 avg. life time, 1 avg. childs
559. 2 animals, 98 plants, 879 avg. energy, 61 avg. life time, 1 avg. childs
560. 2 animals, 98 plants, 878 avg. energy, 61 avg. life time, 1 avg. childs
561. 2 animals, 98 plants, 877 avg. energy, 61 avg. life time, 1 avg. childs
562. 2 animals, 98 plants, 881 avg. energy, 61 avg. life time, 1 avg. childs
563. 2 animals, 97 plants, 890 avg. energy, 61 avg. life time, 1 avg. childs
564. 2 animals, 98 plants, 889 avg. energy, 61 avg. life time, 1 avg. childs
565. 2 animals, 98 plants, 893 avg. energy, 61 avg. life time, 1 avg. childs
566. 2 animals, 98 plants, 897 avg. energy, 61 avg. life time, 1 avg. childs
567. 2 animals, 98 plants, 896 avg. energy, 61 avg. life time, 1 avg. childs
568. 2 animals, 98 plants, 900 avg. energy, 61 avg. life time, 1 avg. childs
569. 2 animals, 98 plants, 899 avg. energy, 61 avg. life time, 1 avg. childs
570. 2 animals, 98 plants, 903 avg. energy, 61 avg. life time, 1 avg. childs
571. 2 animals, 98 plants, 902 avg. energy, 61 avg. life time, 1 avg. childs
572. 2 animals, 97 plants, 911 avg. energy, 61 avg. life time, 1 avg. childs
573. 2 animals, 98 plants, 910 avg. energy, 61 avg. life time, 1 avg. childs
574. 2 animals, 98 plants, 914 avg. energy, 61 avg. life time, 1 avg. childs
575. 2 animals, 98 plants, 918 avg. energy, 61 avg. life time, 1 avg. childs
576. 2 animals, 98 plants, 917 avg. energy, 61 avg. life time, 1 avg. childs
577. 2 animals, 98 plants, 916 avg. energy, 61 avg. life time, 1 avg. childs
578. 2 animals, 98 plants, 920 avg. energy, 61 avg. life time, 1 avg. childs
579. 2 animals, 98 plants, 924 avg. energy, 61 avg. life time, 1 avg. childs
580. 2 animals, 98 plants, 928 avg. energy, 61 avg. life time, 1 avg. childs
581. 2 animals, 98 plants, 932 avg. energy, 61 avg. life time, 1 avg. childs
582. 2 animals, 98 plants, 936 avg. energy, 61 avg. life time, 1 avg. childs
583. 2 animals, 98 plants, 935 avg. energy, 61 avg. life time, 1 avg. childs
584. 3 animals, 99 plants, 622 avg. energy, 61 avg. life time, 1 avg. childs
585. 4 animals, 99 plants, 466 avg. energy, 61 avg. life time, 1 avg. childs
586. 5 animals, 97 plants, 376 avg. energy, 61 avg. life time, 1 avg. childs
587. 6 animals, 96 plants, 316 avg. energy, 61 avg. life time, 1 avg. childs
588. 7 animals, 95 plants, 272 avg. energy, 61 avg. life time, 1 avg. childs
589. 9 animals, 94 plants, 213 avg. energy, 61 avg. life time, 1 avg. childs
590. 11 animals, 94 plants, 174 avg. energy, 61 avg. life time, 1 avg. childs
591. 13 animals, 93 plants, 147 avg. energy, 61 avg. life time, 1 avg. childs
592. 17 animals, 89 plants, 115 avg. energy, 61 avg. life time, 1 avg. childs
593. 19 animals, 86 plants, 104 avg. energy, 61 avg. life time, 1 avg. childs
594. 21 animals, 86 plants, 94 avg. energy, 61 avg. life time, 1 avg. childs
595. 23 animals, 82 plants, 87 avg. energy, 61 avg. life time, 1 avg. childs
596. 25 animals, 81 plants, 80 avg. energy, 61 avg. life time, 1 avg. childs
597. 26 animals, 77 plants, 77 avg. energy, 61 avg. life time, 1 avg. childs
598. 28 animals, 75 plants, 72 avg. energy, 61 avg. life time, 1 avg. childs
599. 30 animals, 72 plants, 68 avg. energy, 61 avg. life time, 1 avg. childs
600. 33 animals, 73 plants, 61 avg. energy, 61 avg. life time, 1 avg. childs
601. 37 animals, 68 plants, 55 avg. energy, 61 avg. life time, 1 avg. childs
602. 42 animals, 65 plants, 48 avg. energy, 61 avg. life time, 1 avg. childs
603. 47 animals, 61 plants, 43 avg. energy, 61 avg. life time, 1 avg. childs
604. 54 animals, 58 plants, 38 avg. energy, 61 avg. life time, 1 avg. childs
605. 61 animals, 56 plants, 33 avg. energy, 61 avg. life time, 1 avg. childs
606. 66 animals, 56 plants, 30 avg. energy, 61 avg. life time, 1 avg. childs
607. 69 animals, 50 plants, 29 avg. energy, 61 avg. life time, 1 avg. childs
608. 73 animals, 47 plants, 27 avg. energy, 61 avg. life time, 1 avg. childs
609. 75 animals, 40 plants, 26 avg. energy, 61 avg. life time, 1 avg. childs
610. 75 animals, 37 plants, 25 avg. energy, 45 avg. life time, 2 avg. childs
611. 76 animals, 35 plants, 25 avg. energy, 45 avg. life time, 2 avg. childs
612. 77 animals, 32 plants, 24 avg. energy, 45 avg. life time, 2 avg. childs
613. 80 animals, 28 plants, 23 avg. energy, 45 avg. life time, 2 avg. childs
614. 82 animals, 27 plants, 22 avg. energy, 45 avg. life time, 2 avg. childs
615. 82 animals, 27 plants, 21 avg. energy, 45 avg. life time, 2 avg. childs
616. 83 animals, 24 plants, 20 avg. energy, 45 avg. life time, 2 avg. childs
617. 85 animals, 21 plants, 19 avg. energy, 45 avg. life time, 2 avg. childs
618. 86 animals, 20 plants, 18 avg. energy, 45 avg. life time, 2 avg. childs
619. 85 animals, 19 plants, 18 avg. energy, 41 avg. life time, 1 avg. childs
620. 86 animals, 20 plants, 17 avg. energy, 41 avg. life time, 1 avg. childs
621. 86 animals, 21 plants, 16 avg. energy, 36 avg. life time, 2 avg. childs
622. 86 animals, 21 plants, 15 avg. energy, 33 avg. life time, 2 avg. childs
623. 84 animals, 20 plants, 15 avg. energy, 29 avg. life time, 2 avg. childs
624. 83 animals, 17 plants, 14 avg. energy, 26 avg. life time, 2 avg. childs
625. 80 animals, 14 plants, 14 avg. energy, 27 avg. life time, 2 avg. childs
626. 79 animals, 14 plants, 14 avg. energy, 27 avg. life time, 2 avg. childs
627. 77 animals, 12 plants, 13 avg. energy, 26 avg. life time, 2 avg. childs
628. 72 animals, 12 plants, 14 avg. energy, 24 avg. life time, 2 avg. childs
629. 70 animals, 10 plants, 13 avg. energy, 25 avg. life time, 2 avg. childs
630. 67 animals, 9 plants, 13 avg. energy, 25 avg. life time, 2 avg. childs
631. 60 animals, 11 plants, 14 avg. energy, 25 avg. life time, 2 avg. childs
632. 57 animals, 13 plants, 14 avg. energy, 40 avg. life time, 2 avg. childs
633. 56 animals, 15 plants, 13 avg. energy, 40 avg. life time, 2 avg. childs
634. 55 animals, 14 plants, 13 avg. energy, 40 avg. life time, 2 avg. childs
635. 53 animals, 15 plants, 12 avg. energy, 39 avg. life time, 2 avg. childs
636. 53 animals, 15 plants, 12 avg. energy, 39 avg. life time, 2 avg. childs
637. 50 animals, 12 plants, 12 avg. energy, 38 avg. life time, 2 avg. childs
638. 47 animals, 11 plants, 13 avg. energy, 38 avg. life time, 2 avg. childs
639. 47 animals, 13 plants, 12 avg. energy, 38 avg. life time, 2 avg. childs
640. 46 animals, 13 plants, 11 avg. energy, 37 avg. life time, 2 avg. childs
641. 46 animals, 13 plants, 11 avg. energy, 37 avg. life time, 2 avg. childs
642. 44 animals, 14 plants, 11 avg. energy, 37 avg. life time, 2 avg. childs
643. 39 animals, 15 plants, 11 avg. energy, 37 avg. life time, 2 avg. childs
644. 37 animals, 17 plants, 11 avg. energy, 37 avg. life time, 2 avg. childs
645. 36 animals, 17 plants, 11 avg. energy, 37 avg. life time, 2 avg. childs
646. 33 animals, 17 plants, 11 avg. energy, 38 avg. life time, 2 avg. childs
647. 31 animals, 17 plants, 12 avg. energy, 38 avg. life time, 2 avg. childs
648. 30 animals, 16 plants, 12 avg. energy, 38 avg. life time, 2 avg. childs
649. 28 animals, 16 plants, 13 avg. energy, 38 avg. life time, 2 avg. childs
650. 27 animals, 16 plants, 13 avg. energy, 46 avg. life time, 2 avg. childs
651. 27 animals, 17 plants, 12 avg. energy, 46 avg. life time, 2 avg. childs
652. 23 animals, 16 plants, 14 avg. energy, 47 avg. life time, 2 avg. childs
653. 20 animals, 17 plants, 16 avg. energy, 47 avg. life time, 2 avg. childs
654. 20 animals, 18 plants, 16 avg. energy, 47 avg. life time, 2 avg. childs
655. 18 animals, 20 plants, 16 avg. energy, 47 avg. life time, 2 avg. childs
656. 17 animals, 21 plants, 17 avg. energy, 47 avg. life time, 2 avg. childs
657. 17 animals, 22 plants, 17 avg. energy, 47 avg. life time, 2 avg. childs
658. 17 animals, 23 plants, 16 avg. energy, 47 avg. life time, 2 avg. childs
659. 15 animals, 23 plants, 18 avg. energy, 47 avg. life time, 2 avg. childs
660. 15 animals, 25 plants, 17 avg. energy, 47 avg. life time, 2 avg. childs
661. 15 animals, 25 plants, 17 avg. energy, 47 avg. life time, 2 avg. childs
662. 15 animals, 26 plants, 16 avg. energy, 47 avg. life time, 2 avg. childs
663. 14 animals, 27 plants, 17 avg. energy, 47 avg. life time, 2 avg. childs
664. 13 animals, 29 plants, 17 avg. energy, 48 avg. life time, 1 avg. childs
665. 13 animals, 28 plants, 18 avg. energy, 48 avg. life time, 1 avg. childs
666. 13 animals, 29 plants, 17 avg. energy, 48 avg. life time, 1 avg. childs
667. 13 animals, 27 plants, 18 avg. energy, 48 avg. life time, 1 avg. childs
668. 12 animals, 28 plants, 19 avg. energy, 48 avg. life time, 2 avg. childs
669. 11 animals, 26 plants, 23 avg. energy, 48 avg. life time, 2 avg. childs
670. 11 animals, 26 plants, 23 avg. energy, 48 avg. life time, 2 avg. childs
671. 11 animals, 26 plants, 23 avg. energy, 48 avg. life time, 2 avg. childs
672. 10 animals, 25 plants, 26 avg. energy, 48 avg. life time, 1 avg. childs
673. 10 animals, 24 plants, 28 avg. energy, 48 avg. life time, 1 avg. childs
674. 9 animals, 23 plants, 32 avg. energy, 48 avg. life time, 1 avg. childs
675. 9 animals, 24 plants, 31 avg. energy, 48 avg. life time, 1 avg. childs
676. 9 animals, 25 plants, 30 avg. energy, 48 avg. life time, 1 avg. childs
677. 9 animals, 25 plants, 30 avg. energy, 48 avg. life time, 1 avg. childs
678. 9 animals, 26 plants, 29 avg. energy, 48 avg. life time, 1 avg. childs
679. 9 animals, 28 plants, 28 avg. energy, 48 avg. life time, 1 avg. childs
680. 9 animals, 29 plants, 27 avg. energy, 48 avg. life time, 1 avg. childs
681. 9 animals, 30 plants, 26 avg. energy, 48 avg. life time, 1 avg. childs
682. 9 animals, 29 plants, 28 avg. energy, 48 avg. life time, 1 avg. childs
683. 9 animals, 29 plants, 28 avg. energy, 48 avg. life time, 1 avg. childs
684. 9 animals, 29 plants, 28 avg. energy, 48 avg. life time, 1 avg. childs
685. 10 animals, 30 plants, 24 avg. energy, 48 avg. life time, 1 avg. childs
686. 10 animals, 31 plants, 24 avg. energy, 48 avg. life time, 1 avg. childs
687. 10 animals, 32 plants, 23 avg. energy, 48 avg. life time, 1 avg. childs
688. 10 animals, 33 plants, 23 avg. energy, 48 avg. life time, 1 avg. childs
689. 10 animals, 31 plants, 25 avg. energy, 48 avg. life time, 1 avg. childs
690. 10 animals, 29 plants, 28 avg. energy, 48 avg. life time, 1 avg. childs
691. 10 animals, 30 plants, 28 avg. energy, 48 avg. life time, 1 avg. childs
692. 10 animals, 31 plants, 28 avg. energy, 48 avg. life time, 1 avg. childs
693. 10 animals, 32 plants, 28 avg. energy, 48 avg. life time, 1 avg. childs
694. 10 animals, 32 plants, 28 avg. energy, 48 avg. life time, 1 avg. childs
695. 10 animals, 33 plants, 27 avg. energy, 48 avg. life time, 1 avg. childs
696. 9 animals, 33 plants, 30 avg. energy, 48 avg. life time, 2 avg. childs
697. 9 animals, 34 plants, 30 avg. energy, 48 avg. life time, 2 avg. childs
698. 9 animals, 33 plants, 32 avg. energy, 48 avg. life time, 2 avg. childs
699. 9 animals, 32 plants, 33 avg. energy, 48 avg. life time, 2 avg. childs
700. 9 animals, 33 plants, 32 avg. energy, 48 avg. life time, 2 avg. childs
701. 9 animals, 34 plants, 32 avg. energy, 48 avg. life time, 2 avg. childs
702. 9 animals, 35 plants, 31 avg. energy, 48 avg. life time, 2 avg. childs
703. 9 animals, 35 plants, 32 avg. energy, 48 avg. life time, 2 avg. childs
704. 9 animals, 36 plants, 32 avg. energy, 48 avg. life time, 2 avg. childs
705. 9 animals, 37 plants, 31 avg. energy, 48 avg. life time, 2 avg. childs
706. 9 animals, 38 plants, 30 avg. energy, 48 avg. life time, 2 avg. childs
707. 9 animals, 39 plants, 30 avg. energy, 48 avg. life time, 2 avg. childs
708. 9 animals, 40 plants, 29 avg. energy, 48 avg. life time, 2 avg. childs
709. 9 animals, 41 plants, 29 avg. energy, 48 avg. life time, 2 avg. childs
710. 9 animals, 41 plants, 30 avg. energy, 48 avg. life time, 2 avg. childs
711. 8 animals, 42 plants, 34 avg. energy, 48 avg. life time, 2 avg. childs
712. 8 animals, 43 plants, 33 avg. energy, 48 avg. life time, 2 avg. childs
713. 8 animals, 44 plants, 32 avg. energy, 48 avg. life time, 2 avg. childs
714. 8 animals, 43 plants, 34 avg. energy, 48 avg. life time, 2 avg. childs
715. 8 animals, 45 plants, 33 avg. energy, 48 avg. life time, 2 avg. childs
716. 7 animals, 47 plants, 37 avg. energy, 49 avg. life time, 2 avg. childs
717. 7 animals, 48 plants, 36 avg. energy, 49 avg. life time, 2 avg. childs
718. 7 animals, 47 plants, 38 avg. energy, 49 avg. life time, 2 avg. childs
719. 7 animals, 47 plants, 38 avg. energy, 49 avg. life time, 2 avg. childs
720. 6 animals, 47 plants, 46 avg. energy, 49 avg. life time, 2 avg. childs
721. 6 animals, 47 plants, 46 avg. energy, 49 avg. life time, 2 avg. childs
722. 6 animals, 47 plants, 47 avg. energy, 49 avg. life time, 2 avg. childs
723. 6 animals, 47 plants, 48 avg. energy, 49 avg. life time, 2 avg. childs
724. 6 animals, 47 plants, 48 avg. energy, 49 avg. life time, 2 avg. childs
725. 6 animals, 47 plants, 51 avg. energy, 49 avg. life time, 2 avg. childs
726. 6 animals, 48 plants, 50 avg. energy, 49 avg. life time, 2 avg. childs
727. 6 animals, 49 plants, 49 avg. energy, 49 avg. life time, 2 avg. childs
728. 6 animals, 50 plants, 48 avg. energy, 49 avg. life time, 2 avg. childs
729. 6 animals, 51 plants, 47 avg. energy, 49 avg. life time, 2 avg. childs
730. 6 animals, 52 plants, 46 avg. energy, 49 avg. life time, 2 avg. childs
731. 5 animals, 53 plants, 54 avg. energy, 50 avg. life time, 2 avg. childs
732. 5 animals, 53 plants, 55 avg. energy, 50 avg. life time, 2 avg. childs
733. 5 animals, 53 plants, 56 avg. energy, 50 avg. life time, 2 avg. childs
734. 5 animals, 54 plants, 55 avg. energy, 50 avg. life time, 2 avg. childs
735. 5 animals, 54 plants, 58 avg. energy, 50 avg. life time, 2 avg. childs
736. 5 animals, 55 plants, 57 avg. energy, 50 avg. life time, 2 avg. childs
737. 5 animals, 55 plants, 58 avg. energy, 50 avg. life time, 2 avg. childs
738. 5 animals, 55 plants, 59 avg. energy, 50 avg. life time, 2 avg. childs
739. 5 animals, 57 plants, 58 avg. energy, 50 avg. life time, 2 avg. childs
740. 5 animals, 58 plants, 57 avg. energy, 50 avg. life time, 2 avg. childs
741. 5 animals, 59 plants, 56 avg. energy, 50 avg. life time, 2 avg. childs
742. 5 animals, 60 plants, 55 avg. energy, 50 avg. life time, 2 avg. childs
743. 5 animals, 61 plants, 54 avg. energy, 50 avg. life time, 2 avg. childs
744. 5 animals, 61 plants, 55 avg. energy, 50 avg. life time, 2 avg. childs
745. 5 animals, 60 plants, 58 avg. energy, 50 avg. life time, 2 avg. childs
746. 5 animals, 60 plants, 59 avg. energy, 50 avg. life time, 2 avg. childs
747. 5 animals, 61 plants, 58 avg. energy, 50 avg. life time, 2 avg. childs
748. 5 animals, 61 plants, 59 avg. energy, 50 avg. life time, 2 avg. childs
749. 5 animals, 60 plants, 62 avg. energy, 50 avg. life time, 2 avg. childs
750. 5 animals, 61 plants, 61 avg. energy, 50 avg. life time, 2 avg. childs
751. 5 animals, 60 plants, 64 avg. energy, 50 avg. life time, 2 avg. childs
752. 5 animals, 60 plants, 65 avg. energy, 50 avg. life time, 2 avg. childs
753. 5 animals, 61 plants, 64 avg. energy, 50 avg. life time, 2 avg. childs
754. 5 animals, 62 plants, 63 avg. energy, 50 avg. life time, 2 avg. childs
755. 5 animals, 62 plants, 64 avg. energy, 50 avg. life time, 2 avg. childs
756. 5 animals, 63 plants, 63 avg. energy, 50 avg. life time, 2 avg. childs
757. 5 animals, 62 plants, 66 avg. energy, 50 avg. life time, 2 avg. childs
758. 5 animals, 63 plants, 65 avg. energy, 50 avg. life time, 2 avg. childs
759. 5 animals, 63 plants, 66 avg. energy, 50 avg. life time, 2 avg. childs
760. 5 animals, 64 plants, 65 avg. energy, 50 avg. life time, 2 avg. childs
761. 5 animals, 63 plants, 68 avg. energy, 50 avg. life time, 2 avg. childs
762. 5 animals, 63 plants, 69 avg. energy, 50 avg. life time, 2 avg. childs
763. 5 animals, 65 plants, 68 avg. energy, 50 avg. life time, 2 avg. childs
764. 5 animals, 64 plants, 71 avg. energy, 50 avg. life time, 2 avg. childs
765. 5 animals, 64 plants, 72 avg. energy, 50 avg. life time, 2 avg. childs
766. 5 animals, 65 plants, 71 avg. energy, 50 avg. life time, 2 avg. childs
767. 5 animals, 66 plants, 70 avg. energy, 50 avg. life time, 2 avg. childs
768. 5 animals, 66 plants, 71 avg. energy, 50 avg. life time, 2 avg. childs
769. 5 animals, 66 plants, 72 avg. energy, 50 avg. life time, 2 avg. childs
770. 5 animals, 66 plants, 73 avg. energy, 50 avg. life time, 2 avg. childs
771. 5 animals, 66 plants, 74 avg. energy, 50 avg. life time, 2 avg. childs
772. 5 animals, 66 plants, 75 avg. energy, 50 avg. life time, 2 avg. childs
773. 5 animals, 64 plants, 80 avg. energy, 50 avg. life time, 2 avg. childs
774. 5 animals, 64 plants, 81 avg. energy, 50 avg. life time, 2 avg. childs
775. 5 animals, 64 plants, 82 avg. energy, 50 avg. life time, 2 avg. childs
776. 5 animals, 63 plants, 85 avg. energy, 50 avg. life time, 2 avg. childs
777. 5 animals, 63 plants, 86 avg. energy, 50 avg. life time, 2 avg. childs
778. 6 animals, 63 plants, 72 avg. energy, 50 avg. life time, 2 avg. childs
779. 7 animals, 63 plants, 62 avg. energy, 50 avg. life time, 2 avg. childs
780. 7 animals, 64 plants, 61 avg. energy, 50 avg. life time, 2 avg. childs
781. 7 animals, 64 plants, 62 avg. energy, 50 avg. life time, 2 avg. childs
782. 7 animals, 63 plants, 64 avg. energy, 50 avg. life time, 2 avg. childs
783. 7 animals, 63 plants, 64 avg. energy, 50 avg. life time, 2 avg. childs
784. 7 animals, 64 plants, 63 avg. energy, 50 avg. life time, 2 avg. childs
785. 7 animals, 65 plants, 62 avg. energy, 50 avg. life time, 2 avg. childs
786. 7 animals, 66 plants, 61 avg. energy, 50 avg. life time, 2 avg. childs
787. 7 animals, 67 plants, 60 avg. energy, 50 avg. life time, 2 avg. childs
788. 7 animals, 68 plants, 59 avg. energy, 50 avg. life time, 2 avg. childs
789. 7 animals, 69 plants, 58 avg. energy, 50 avg. life time, 2 avg. childs
790. 7 animals, 69 plants, 59 avg. energy, 50 avg. life time, 2 avg. childs
791. 7 animals, 69 plants, 59 avg. energy, 50 avg. life time, 2 avg. childs
792. 7 animals, 69 plants, 59 avg. energy, 50 avg. life time, 2 avg. childs
793. 7 animals, 70 plants, 58 avg. energy, 50 avg. life time, 2 avg. childs
794. 8 animals, 70 plants, 51 avg. energy, 50 avg. life time, 2 avg. childs
795. 8 animals, 70 plants, 52 avg. energy, 50 avg. life time, 2 avg. childs
796. 8 animals, 71 plants, 51 avg. energy, 50 avg. life time, 2 avg. childs
797. 9 animals, 72 plants, 44 avg. energy, 50 avg. life time, 2 avg. childs
798. 9 animals, 72 plants, 44 avg. energy, 50 avg. life time, 2 avg. childs
799. 9 animals, 72 plants, 44 avg. energy, 50 avg. life time, 2 avg. childs
800. 9 animals, 73 plants, 44 avg. energy, 50 avg. life time, 2 avg. childs
801. 8 animals, 73 plants, 50 avg. energy, 50 avg. life time, 2 avg. childs
802. 8 animals, 74 plants, 49 avg. energy, 50 avg. life time, 2 avg. childs
803. 8 animals, 74 plants, 50 avg. energy, 50 avg. life time, 2 avg. childs
804. 8 animals, 73 plants, 51 avg. energy, 50 avg. life time, 2 avg. childs
805. 7 animals, 74 plants, 59 avg. energy, 50 avg. life time, 2 avg. childs
806. 7 animals, 74 plants, 59 avg. energy, 50 avg. life time, 2 avg. childs
807. 7 animals, 74 plants, 60 avg. energy, 50 avg. life time, 2 avg. childs
808. 7 animals, 75 plants, 59 avg. energy, 50 avg. life time, 2 avg. childs
809. 7 animals, 75 plants, 59 avg. energy, 50 avg. life time, 2 avg. childs
810. 7 animals, 76 plants, 58 avg. energy, 50 avg. life time, 2 avg. childs
811. 7 animals, 77 plants, 57 avg. energy, 50 avg. life time, 2 avg. childs
812. 7 animals, 78 plants, 56 avg. energy, 50 avg. life time, 2 avg. childs
813. 7 animals, 78 plants, 57 avg. energy, 50 avg. life time, 2 avg. childs
814. 7 animals, 76 plants, 60 avg. energy, 50 avg. life time, 2 avg. childs
815. 7 animals, 74 plants, 63 avg. energy, 50 avg. life time, 2 avg. childs
816. 7 animals, 72 plants, 66 avg. energy, 50 avg. life time, 2 avg. childs
817. 7 animals, 73 plants, 65 avg. energy, 50 avg. life time, 2 avg. childs
818. 7 animals, 74 plants, 64 avg. energy, 50 avg. life time, 2 avg. childs
819. 7 animals, 74 plants, 65 avg. energy, 50 avg. life time, 2 avg. childs
820. 7 animals, 72 plants, 70 avg. energy, 50 avg. life time, 2 avg. childs
821. 7 animals, 73 plants, 70 avg. energy, 50 avg. life time, 2 avg. childs
822. 7 animals, 72 plants, 72 avg. energy, 50 avg. life time, 2 avg. childs
823. 7 animals, 73 plants, 72 avg. energy, 50 avg. life time, 2 avg. childs
824. 7 animals, 73 plants, 74 avg. energy, 50 avg. life time, 2 avg. childs
825. 7 animals, 74 plants, 75 avg. energy, 50 avg. life time, 2 avg. childs
826. 8 animals, 74 plants, 67 avg. energy, 50 avg. life time, 2 avg. childs
827. 8 animals, 71 plants, 71 avg. energy, 50 avg. life time, 2 avg. childs
828. 9 animals, 71 plants, 64 avg. energy, 50 avg. life time, 2 avg. childs
829. 10 animals, 72 plants, 58 avg. energy, 50 avg. life time, 2 avg. childs
830. 12 animals, 72 plants, 48 avg. energy, 50 avg. life time, 2 avg. childs
831. 12 animals, 70 plants, 50 avg. energy, 50 avg. life time, 2 avg. childs
832. 12 animals, 69 plants, 52 avg. energy, 50 avg. life time, 2 avg. childs
833. 13 animals, 68 plants, 49 avg. energy, 50 avg. life time, 2 avg. childs
834. 14 animals, 67 plants, 46 avg. energy, 50 avg. life time, 2 avg. childs
835. 14 animals, 67 plants, 46 avg. energy, 50 avg. life time, 2 avg. childs
836. 14 animals, 67 plants, 46 avg. energy, 50 avg. life time, 2 avg. childs
837. 14 animals, 66 plants, 47 avg. energy, 50 avg. life time, 2 avg. childs
838. 14 animals, 64 plants, 49 avg. energy, 50 avg. life time, 2 avg. childs
839. 14 animals, 66 plants, 48 avg. energy, 50 avg. life time, 2 avg. childs
840. 14 animals, 66 plants, 47 avg. energy, 50 avg. life time, 2 avg. childs
841. 15 animals, 66 plants, 45 avg. energy, 50 avg. life time, 2 avg. childs
842. 16 animals, 65 plants, 43 avg. energy, 50 avg. life time, 2 avg. childs
843. 17 animals, 61 plants, 42 avg. energy, 50 avg. life time, 2 avg. childs
844. 17 animals, 61 plants, 42 avg. energy, 50 avg. life time, 2 avg. childs
845. 18 animals, 62 plants, 40 avg. energy, 50 avg. life time, 2 avg. childs
846. 19 animals, 62 plants, 37 avg. energy, 50 avg. life time, 2 avg. childs
847. 21 animals, 61 plants, 34 avg. energy, 50 avg. life time, 2 avg. childs
848. 23 animals, 59 plants, 31 avg. energy, 50 avg. life time, 2 avg. childs
849. 25 animals, 58 plants, 29 avg. energy, 50 avg. life time, 2 avg. childs
850. 25 animals, 58 plants, 29 avg. energy, 50 avg. life time, 2 avg. childs
851. 25 animals, 57 plants, 29 avg. energy, 50 avg. life time, 2 avg. childs
852. 25 animals, 56 plants, 29 avg. energy, 50 avg. life time, 2 avg. childs
853. 25 animals, 55 plants, 30 avg. energy, 50 avg. life time, 2 avg. childs
