0. 10 animals, 0 plants, 40 avg. energy, -1 avg. life time, 0 avg. childs
1. 10 animals, 1 plants, 39 avg. energy, -1 avg. life time, 0 avg. childs
2. 10 animals, 2 plants, 38 avg. energy, -1 avg. life time, 0 avg. childs
3. 10 animals, 3 plants, 37 avg. energy, -1 avg. life time, 0 avg. childs
4. 10 animals, 4 plants, 36 avg. energy, -1 avg. life time, 0 avg. childs
5. 10 animals, 5 plants, 35 avg. energy, -1 avg. life time, 0 avg. childs
6. 10 animals, 6 plants, 34 avg. energy, -1 avg. life time, 0 avg. childs
7. 10 animals, 7 plants, 33 avg. energy, -1 avg. life time, 0 avg. childs
8. 10 animals, 8 plants, 32 avg. energy, -1 avg. life time, 0 avg. childs
9. 11 animals, 8 plants, 31 avg. energy, -1 avg. life time, 0 avg. childs
10. 11 animals, 9 plants, 30 avg. energy, -1 avg. life time, 0 avg. childs
11. 11 animals, 10 plants, 29 avg. energy, -1 avg. life time, 0 avg. childs
12. 11 animals, 11 plants, 28 avg. energy, -1 avg. life time, 0 avg. childs
13. 11 animals, 12 plants, 27 avg. energy, -1 avg. life time, 0 avg. childs
14. 11 animals, 12 plants, 30 avg. energy, -1 avg. life time, 0 avg. childs
15. 11 animals, 12 plants, 33 avg. energy, -1 avg. life time, 0 avg. childs
16. 11 animals, 13 plants, 32 avg. energy, -1 avg. life time, 0 avg. childs
17. 11 animals, 13 plants, 34 avg. energy, -1 avg. life time, 0 avg. childs
18. 11 animals, 14 plants, 33 avg. energy, -1 avg. life time, 0 avg. childs
19. 11 animals, 15 plants, 32 avg. energy, -1 avg. life time, 0 avg. childs
20. 11 animals, 16 plants, 31 avg. energy, -1 avg. life time, 0 avg. childs
21. 11 animals, 17 plants, 30 avg. energy, -1 avg. life time, 0 avg. childs
22. 11 animals, 17 plants, 33 avg. energy, -1 avg. life time, 0 avg. childs
23. 11 animals, 18 plants, 32 avg. energy, -1 avg. life time, 0 avg. childs
24. 10 animals, 18 plants, 38 avg. energy, 14 avg. life time, 0 avg. childs
25. 10 animals, 19 plants, 37 avg. energy, 14 avg. life time, 0 avg. childs
26. 10 animals, 19 plants, 40 avg. energy, 14 avg. life time, 0 avg. childs
27. 10 animals, 18 plants, 47 avg. energy, 14 avg. life time, 0 avg. childs
28. 10 animals, 19 plants, 46 avg. energy, 14 avg. life time, 0 avg. childs
29. 10 animals, 20 plants, 45 avg. energy, 14 avg. life time, 0 avg. childs
30. 10 animals, 21 plants, 44 avg. energy, 14 avg. life time, 0 avg. childs
31. 10 animals, 21 plants, 47 avg. energy, 14 avg. life time, 0 avg. childs
32. 10 animals, 22 plants, 46 avg. energy, 14 avg. life time, 0 avg. childs
33. 10 animals, 22 plants, 49 avg. energy, 14 avg. life time, 0 avg. childs
34. 9 animals, 23 plants, 54 avg. energy, 23 avg. life time, 0 avg. childs
35. 9 animals, 24 plants, 53 avg. energy, 23 avg. life time, 0 avg. childs
36. 9 animals, 25 plants, 52 avg. energy, 23 avg. life time, 0 avg. childs
37. 9 animals, 26 plants, 51 avg. energy, 23 avg. life time, 0 avg. childs
38. 9 animals, 27 plants, 50 avg. energy, 23 avg. life time, 0 avg. childs
39. 9 animals, 28 plants, 49 avg. energy, 23 avg. life time, 0 avg. childs
40. 9 animals, 28 plants, 52 avg. energy, 23 avg. life time, 0 avg. childs
41. 6 animals, 29 plants, 77 avg. energy, 33 avg. life time, 0 avg. childs
42. 6 animals, 30 plants, 76 avg. energy, 33 avg. life time, 0 avg. childs
43. 7 animals, 31 plants, 65 avg. energy, 33 avg. life time, 0 avg. childs
44. 8 animals, 32 plants, 56 avg. energy, 33 avg. life time, 0 avg. childs
45. 9 animals, 33 plants, 48 avg. energy, 33 avg. life time, 0 avg. childs
46. 10 animals, 34 plants, 43 avg. energy, 33 avg. life time, 0 avg. childs
47. 11 animals, 35 plants, 38 avg. energy, 33 avg. life time, 1 avg. childs
48. 11 animals, 35 plants, 40 avg. energy, 33 avg. life time, 1 avg. childs
49. 11 animals, 36 plants, 39 avg. energy, 33 avg. life time, 1 avg. childs
50. 11 animals, 36 plants, 42 avg. energy, 33 avg. life time, 1 avg. childs
51. 11 animals, 35 plants, 48 avg. energy, 33 avg. life time, 1 avg. childs
52. 11 animals, 35 plants, 51 avg. energy, 33 avg. life time, 1 avg. childs
53. 11 animals, 35 plants, 54 avg. energy, 33 avg. life time, 1 avg. childs
54. 11 animals, 36 plants, 53 avg. energy, 33 avg. life time, 1 avg. childs
55. 12 animals, 36 plants, 51 avg. energy, 33 avg. life time, 1 avg. childs
56. 13 animals, 36 plants, 49 avg. energy, 33 avg. life time, 1 avg. childs
57. 14 animals, 37 plants, 44 avg. energy, 33 avg. life time, 1 avg. childs
58. 15 animals, 36 plants, 46 avg. energy, 33 avg. life time, 1 avg. childs
59. 15 animals, 35 plants, 50 avg. energy, 33 avg. life time, 1 avg. childs
60. 15 animals, 36 plants, 49 avg. energy, 33 avg. life time, 1 avg. childs
61. 15 animals, 35 plants, 53 avg. energy, 33 avg. life time, 1 avg. childs
62. 15 animals, 36 plants, 52 avg. energy, 33 avg. life time, 1 avg. childs
63. 15 animals, 37 plants, 51 avg. energy, 33 avg. life time, 1 avg. childs
64. 15 animals, 37 plants, 53 avg. energy, 33 avg. life time, 1 avg. childs
65. 15 animals, 37 plants, 55 avg. energy, 33 avg. life time, 1 avg. childs
66. 15 animals, 38 plants, 54 avg. energy, 38 avg. life time, 1 avg. childs
67. 17 animals, 36 plants, 54 avg. energy, 38 avg. life time, 1 avg. childs
68. 19 animals, 36 plants, 49 avg. energy, 38 avg. life time, 1 avg. childs
69. 21 animals, 37 plants, 44 avg. energy, 38 avg. life time, 1 avg. childs
70. 22 animals, 37 plants, 42 avg. energy, 38 avg. life time, 1 avg. childs
71. 24 animals, 37 plants, 40 avg. energy, 38 avg. life time, 1 avg. childs
72. 24 animals, 36 plants, 42 avg. energy, 38 avg. life time, 1 avg. childs
73. 24 animals, 37 plants, 41 avg. energy, 38 avg. life time, 1 avg. childs
74. 23 animals, 37 plants, 43 avg. energy, 35 avg. life time, 1 avg. childs
75. 23 animals, 38 plants, 42 avg. energy, 35 avg. life time, 1 avg. childs
76. 25 animals, 38 plants, 40 avg. energy, 35 avg. life time, 1 avg. childs
77. 26 animals, 39 plants, 37 avg. energy, 35 avg. life time, 1 avg. childs
78. 27 animals, 39 plants, 36 avg. energy, 35 avg. life time, 1 avg. childs
79. 27 animals, 40 plants, 35 avg. energy, 33 avg. life time, 1 avg. childs
80. 27 animals, 38 plants, 39 avg. energy, 33 avg. life time, 1 avg. childs
81. 27 animals, 39 plants, 38 avg. energy, 33 avg. life time, 1 avg. childs
82. 28 animals, 38 plants, 38 avg. energy, 31 avg. life time, 1 avg. childs
83. 29 animals, 39 plants, 36 avg. energy, 31 avg. life time, 1 avg. childs
84. 29 animals, 39 plants, 36 avg. energy, 29 avg. life time, 1 avg. childs
85. 30 animals, 39 plants, 36 avg. energy, 34 avg. life time, 1 avg. childs
86. 32 animals, 38 plants, 35 avg. energy, 34 avg. life time, 1 avg. childs
87. 33 animals, 36 plants, 37 avg. energy, 34 avg. life time, 1 avg. childs
88. 35 animals, 34 plants, 37 avg. energy, 34 avg. life time, 1 avg. childs
89. 35 animals, 31 plants, 40 avg. energy, 32 avg. life time, 1 avg. childs
90. 32 animals, 29 plants, 47 avg. energy, 30 avg. life time, 1 avg. childs
91. 33 animals, 29 plants, 46 avg. energy, 30 avg. life time, 1 avg. childs
92. 34 animals, 29 plants, 45 avg. energy, 30 avg. life time, 1 avg. childs
93. 36 animals, 26 plants, 46 avg. energy, 30 avg. life time, 1 avg. childs
94. 39 animals, 26 plants, 42 avg. energy, 30 avg. life time, 1 avg. childs
95. 42 animals, 25 plants, 40 avg. energy, 30 avg. life time, 1 avg. childs
96. 41 animals, 25 plants, 41 avg. energy, 30 avg. life time, 1 avg. childs
97. 44 animals, 25 plants, 38 avg. energy, 30 avg. life time, 1 avg. childs
98. 48 animals, 26 plants, 34 avg. energy, 30 avg. life time, 1 avg. childs
99. 51 animals, 24 plants, 34 avg. energy, 29 avg. life time, 1 avg. childs
100. 54 animals, 23 plants, 32 avg. energy, 29 avg. life time, 1 avg. childs
101. 58 animals, 23 plants, 30 avg. energy, 29 avg. life time, 1 avg. childs
102. 61 animals, 21 plants, 29 avg. energy, 29 avg. life time, 1 avg. childs
103. 67 animals, 20 plants, 27 avg. energy, 29 avg. life time, 1 avg. childs
104. 68 animals, 20 plants, 26 avg. energy, 28 avg. life time, 2 avg. childs
105. 70 animals, 19 plants, 26 avg. energy, 28 avg. life time, 2 avg. childs
106. 72 animals, 16 plants, 26 avg. energy, 28 avg. life time, 2 avg. childs
107. 71 animals, 15 plants, 27 avg. energy, 27 avg. life time, 2 avg. childs
108. 72 animals, 14 plants, 26 avg. energy, 27 avg. life time, 2 avg. childs
109. 72 animals, 12 plants, 27 avg. energy, 27 avg. life time, 2 avg. childs
110. 75 animals, 13 plants, 25 avg. energy, 27 avg. life time, 2 avg. childs
111. 78 animals, 12 plants, 24 avg. energy, 27 avg. life time, 2 avg. childs
112. 80 animals, 12 plants, 23 avg. energy, 27 avg. life time, 2 avg. childs
113. 85 animals, 11 plants, 22 avg. energy, 27 avg. life time, 2 avg. childs
114. 87 animals, 10 plants, 21 avg. energy, 27 avg. life time, 2 avg. childs
115. 86 animals, 9 plants, 21 avg. energy, 28 avg. life time, 2 avg. childs
116. 83 animals, 9 plants, 21 avg. energy, 26 avg. life time, 2 avg. childs
117. 81 animals, 10 plants, 21 avg. energy, 25 avg. life time, 2 avg. childs
118. 81 animals, 11 plants, 20 avg. energy, 25 avg. life time, 2 avg. childs
119. 80 animals, 9 plants, 21 avg. energy, 24 avg. life time, 2 avg. childs
120. 78 animals, 10 plants, 20 avg. energy, 24 avg. life time, 2 avg. childs
121. 73 animals, 10 plants, 21 avg. energy, 25 avg. life time, 2 avg. childs
122. 67 animals, 9 plants, 24 avg. energy, 25 avg. life time, 2 avg. childs
123. 67 animals, 8 plants, 24 avg. energy, 25 avg. life time, 2 avg. childs
124. 65 animals, 8 plants, 24 avg. energy, 25 avg. life time, 2 avg. childs
125. 64 animals, 6 plants, 25 avg. energy, 25 avg. life time, 2 avg. childs
126. 64 animals, 7 plants, 24 avg. energy, 25 avg. life time, 2 avg. childs
127. 63 animals, 7 plants, 25 avg. energy, 27 avg. life time, 2 avg. childs
128. 62 animals, 8 plants, 24 avg. energy, 28 avg. life time, 2 avg. childs
129. 60 animals, 5 plants, 26 avg. energy, 28 avg. life time, 2 avg. childs
130. 60 animals, 6 plants, 25 avg. energy, 28 avg. life time, 2 avg. childs
131. 55 animals, 7 plants, 27 avg. energy, 28 avg. life time, 2 avg. childs
132. 55 animals, 5 plants, 28 avg. energy, 28 avg. life time, 2 avg. childs
133. 52 animals, 5 plants, 29 avg. energy, 28 avg. life time, 2 avg. childs
134. 52 animals, 5 plants, 29 avg. energy, 28 avg. life time, 2 avg. childs
135. 47 animals, 6 plants, 31 avg. energy, 28 avg. life time, 2 avg. childs
136. 48 animals, 6 plants, 31 avg. energy, 28 avg. life time, 2 avg. childs
137. 49 animals, 5 plants, 31 avg. energy, 28 avg. life time, 2 avg. childs
138. 47 animals, 5 plants, 32 avg. energy, 27 avg. life time, 2 avg. childs
139. 51 animals, 6 plants, 28 avg. energy, 27 avg. life time, 2 avg. childs
140. 52 animals, 6 plants, 28 avg. energy, 27 avg. life time, 2 avg. childs
141. 53 animals, 5 plants, 28 avg. energy, 27 avg. life time, 2 avg. childs
142. 52 animals, 6 plants, 27 avg. energy, 27 avg. life time, 2 avg. childs
143. 54 animals, 7 plants, 25 avg. energy, 27 avg. life time, 2 avg. childs
144. 54 animals, 6 plants, 26 avg. energy, 27 avg. life time, 2 avg. childs
145. 54 animals, 7 plants, 25 avg. energy, 27 avg. life time, 2 avg. childs
146. 54 animals, 7 plants, 25 avg. energy, 28 avg. life time, 2 avg. childs
147. 55 animals, 6 plants, 25 avg. energy, 28 avg. life time, 2 avg. childs
148. 59 animals, 7 plants, 22 avg. energy, 28 avg. life time, 2 avg. childs
149. 59 animals, 7 plants, 22 avg. energy, 28 avg. life time, 2 avg. childs
150. 61 animals, 8 plants, 20 avg. energy, 28 avg. life time, 2 avg. childs
151. 60 animals, 9 plants, 19 avg. energy, 28 avg. life time, 2 avg. childs
152. 58 animals, 10 plants, 19 avg. energy, 28 avg. life time, 2 avg. childs
153. 57 animals, 10 plants, 19 avg. energy, 28 avg. life time, 2 avg. childs
154. 56 animals, 11 plants, 18 avg. energy, 28 avg. life time, 2 avg. childs
155. 56 animals, 11 plants, 18 avg. energy, 28 avg. life time, 2 avg. childs
156. 55 animals, 7 plants, 21 avg. energy, 28 avg. life time, 2 avg. childs
157. 53 animals, 7 plants, 22 avg. energy, 28 avg. life time, 2 avg. childs
158. 55 animals, 7 plants, 21 avg. energy, 28 avg. life time, 2 avg. childs
159. 55 animals, 8 plants, 20 avg. energy, 28 avg. life time, 2 avg. childs
160. 53 animals, 9 plants, 19 avg. energy, 28 avg. life time, 2 avg. childs
161. 53 animals, 9 plants, 19 avg. energy, 28 avg. life time, 2 avg. childs
162. 51 animals, 9 plants, 20 avg. energy, 28 avg. life time, 2 avg. childs
163. 51 animals, 9 plants, 20 avg. energy, 28 avg. life time, 2 avg. childs
164. 53 animals, 9 plants, 19 avg. energy, 28 avg. life time, 2 avg. childs
165. 51 animals, 10 plants, 18 avg. energy, 28 avg. life time, 2 avg. childs
166. 50 animals, 11 plants, 18 avg. energy, 28 avg. life time, 2 avg. childs
167. 48 animals, 12 plants, 18 avg. energy, 28 avg. life time, 2 avg. childs
168. 46 animals, 13 plants, 17 avg. energy, 28 avg. life time, 2 avg. childs
169. 40 animals, 14 plants, 19 avg. energy, 28 avg. life time, 2 avg. childs
170. 40 animals, 14 plants, 19 avg. energy, 28 avg. life time, 2 avg. childs
171. 40 animals, 15 plants, 18 avg. energy, 28 avg. life time, 2 avg. childs
172. 38 animals, 16 plants, 18 avg. energy, 29 avg. life time, 2 avg. childs
173. 35 animals, 16 plants, 20 avg. energy, 29 avg. life time, 2 avg. childs
174. 35 animals, 17 plants, 19 avg. energy, 29 avg. life time, 2 avg. childs
175. 35 animals, 18 plants, 18 avg. energy, 29 avg. life time, 2 avg. childs
176. 33 animals, 18 plants, 19 avg. energy, 29 avg. life time, 2 avg. childs
177. 32 animals, 19 plants, 19 avg. energy, 29 avg. life time, 2 avg. childs
178. 30 animals, 19 plants, 20 avg. energy, 30 avg. life time, 2 avg. childs
179. 29 animals, 19 plants, 21 avg. energy, 30 avg. life time, 2 avg. childs
180. 29 animals, 20 plants, 21 avg. energy, 30 avg. life time, 2 avg. childs
181. 29 animals, 20 plants, 21 avg. energy, 30 avg. life time, 2 avg. childs
182. 26 animals, 21 plants, 22 avg. energy, 30 avg. life time, 2 avg. childs
183. 26 animals, 21 plants, 23 avg. energy, 30 avg. life time, 2 avg. childs
184. 26 animals, 21 plants, 23 avg. energy, 30 avg. life time, 2 avg. childs
185. 25 animals, 21 plants, 25 avg. energy, 30 avg. life time, 2 avg. childs
186. 23 animals, 22 plants, 26 avg. energy, 30 avg. life time, 2 avg. childs
187. 23 animals, 21 plants, 29 avg. energy, 30 avg. life time, 2 avg. childs
188. 22 animals, 20 plants, 33 avg. energy, 30 avg. life time, 3 avg. childs
189. 20 animals, 19 plants, 39 avg. energy, 31 avg. life time, 3 avg. childs
190. 19 animals, 20 plants, 40 avg. energy, 30 avg. life time, 3 avg. childs
191. 19 animals, 21 plants, 39 avg. energy, 31 avg. life time, 3 avg. childs
192. 21 animals, 21 plants, 36 avg. energy, 31 avg. life time, 3 avg. childs
193. 21 animals, 21 plants, 37 avg. energy, 31 avg. life time, 3 avg. childs
194. 21 animals, 22 plants, 36 avg. energy, 31 avg. life time, 3 avg. childs
195. 22 animals, 23 plants, 34 avg. energy, 31 avg. life time, 3 avg. childs
196. 23 animals, 23 plants, 33 avg. energy, 31 avg. life time, 2 avg. childs
197. 22 animals, 24 plants, 33 avg. energy, 31 avg. life time, 3 avg. childs
198. 23 animals, 23 plants, 35 avg. energy, 31 avg. life time, 3 avg. childs
199. 24 animals, 24 plants, 32 avg. energy, 31 avg. life time, 3 avg. childs
200. 24 animals, 22 plants, 36 avg. energy, 31 avg. life time, 3 avg. childs
201. 23 animals, 23 plants, 37 avg. energy, 32 avg. life time, 2 avg. childs
202. 24 animals, 24 plants, 34 avg. energy, 32 avg. life time, 2 avg. childs
203. 24 animals, 24 plants, 35 avg. energy, 32 avg. life time, 2 avg. childs
204. 24 animals, 23 plants, 37 avg. energy, 32 avg. life time, 2 avg. childs
205. 24 animals, 23 plants, 38 avg. energy, 32 avg. life time, 2 avg. childs
206. 24 animals, 22 plants, 40 avg. energy, 32 avg. life time, 2 avg. childs
207. 24 animals, 20 plants, 44 avg. energy, 32 avg. life time, 2 avg. childs
208. 22 animals, 20 plants, 49 avg. energy, 32 avg. life time, 2 avg. childs
209. 22 animals, 20 plants, 50 avg. energy, 32 avg. life time, 2 avg. childs
210. 23 animals, 20 plants, 49 avg. energy, 32 avg. life time, 2 avg. childs
211. 24 animals, 19 plants, 49 avg. energy, 32 avg. life time, 2 avg. childs
212. 25 animals, 19 plants, 48 avg. energy, 32 avg. life time, 2 avg. childs
213. 25 animals, 19 plants, 48 avg. energy, 32 avg. life time, 2 avg. childs
214. 26 animals, 19 plants, 47 avg. energy, 32 avg. life time, 2 avg. childs
215. 28 animals, 19 plants, 44 avg. energy, 32 avg. life time, 2 avg. childs
216. 29 animals, 19 plants, 43 avg. energy, 32 avg. life time, 2 avg. childs
217. 29 animals, 20 plants, 42 avg. energy, 32 avg. life time, 2 avg. childs
218. 30 animals, 21 plants, 40 avg. energy, 32 avg. life time, 2 avg. childs
219. 30 animals, 21 plants, 40 avg. energy, 32 avg. life time, 2 avg. childs
220. 31 animals, 21 plants, 39 avg. energy, 32 avg. life time, 2 avg. childs
221. 32 animals, 21 plants, 38 avg. energy, 32 avg. life time, 2 avg. childs
222. 34 animals, 21 plants, 36 avg. energy, 32 avg. life time, 2 avg. childs
223. 34 animals, 21 plants, 36 avg. energy, 33 avg. life time, 2 avg. childs
224. 34 animals, 20 plants, 38 avg. energy, 33 avg. life time, 2 avg. childs
225. 36 animals, 19 plants, 37 avg. energy, 33 avg. life time, 2 avg. childs
226. 36 animals, 19 plants, 37 avg. energy, 33 avg. life time, 2 avg. childs
227. 38 animals, 19 plants, 35 avg. energy, 33 avg. life time, 2 avg. childs
228. 41 animals, 20 plants, 31 avg. energy, 33 avg. life time, 2 avg. childs
229. 40 animals, 20 plants, 32 avg. energy, 33 avg. life time, 2 avg. childs
230. 41 animals, 20 plants, 31 avg. energy, 33 avg. life time, 2 avg. childs
231. 39 animals, 20 plants, 33 avg. energy, 33 avg. life time, 2 avg. childs
232. 38 animals, 20 plants, 34 avg. energy, 33 avg. life time, 2 avg. childs
233. 39 animals, 17 plants, 36 avg. energy, 33 avg. life time, 2 avg. childs
234. 41 animals, 17 plants, 35 avg. energy, 33 avg. life time, 2 avg. childs
235. 41 animals, 18 plants, 34 avg. energy, 33 avg. life time, 2 avg. childs
236. 42 animals, 19 plants, 32 avg. energy, 33 avg. life time, 2 avg. childs
237. 40 animals, 14 plants, 38 avg. energy, 33 avg. life time, 2 avg. childs
238. 40 animals, 13 plants, 39 avg. energy, 33 avg. life time, 2 avg. childs
239. 41 animals, 12 plants, 39 avg. energy, 33 avg. life time, 2 avg. childs
240. 39 animals, 11 plants, 43 avg. energy, 33 avg. life time, 2 avg. childs
241. 37 animals, 10 plants, 46 avg. energy, 33 avg. life time, 2 avg. childs
242. 37 animals, 11 plants, 45 avg. energy, 33 avg. life time, 2 avg. childs
243. 38 animals, 12 plants, 43 avg. energy, 33 avg. life time, 2 avg. childs
244. 41 animals, 12 plants, 40 avg. energy, 33 avg. life time, 2 avg. childs
245. 45 animals, 11 plants, 37 avg. energy, 33 avg. life time, 2 avg. childs
246. 47 animals, 12 plants, 35 avg. energy, 33 avg. life time, 2 avg. childs
247. 49 animals, 12 plants, 33 avg. energy, 33 avg. life time, 2 avg. childs
248. 51 animals, 13 plants, 31 avg. energy, 33 avg. life time, 2 avg. childs
249. 52 animals, 13 plants, 30 avg. energy, 33 avg. life time, 2 avg. childs
250. 53 animals, 14 plants, 28 avg. energy, 33 avg. life time, 2 avg. childs
251. 55 animals, 15 plants, 26 avg. energy, 33 avg. life time, 2 avg. childs
252. 56 animals, 12 plants, 28 avg. energy, 33 avg. life time, 2 avg. childs
253. 57 animals, 12 plants, 27 avg. energy, 33 avg. life time, 2 avg. childs
254. 57 animals, 12 plants, 27 avg. energy, 33 avg. life time, 2 avg. childs
255. 57 animals, 13 plants, 26 avg. energy, 33 avg. life time, 2 avg. childs
256. 58 animals, 12 plants, 26 avg. energy, 33 avg. life time, 2 avg. childs
257. 58 animals, 12 plants, 25 avg. energy, 33 avg. life time, 2 avg. childs
258. 58 animals, 13 plants, 24 avg. energy, 33 avg. life time, 2 avg. childs
259. 58 animals, 13 plants, 24 avg. energy, 33 avg. life time, 2 avg. childs
260. 57 animals, 11 plants, 26 avg. energy, 33 avg. life time, 2 avg. childs
261. 56 animals, 11 plants, 26 avg. energy, 33 avg. life time, 2 avg. childs
262. 55 animals, 11 plants, 26 avg. energy, 32 avg. life time, 2 avg. childs
263. 53 animals, 10 plants, 28 avg. energy, 32 avg. life time, 2 avg. childs
264. 49 animals, 9 plants, 30 avg. energy, 32 avg. life time, 2 avg. childs
265. 48 animals, 10 plants, 30 avg. energy, 32 avg. life time, 2 avg. childs
266. 45 animals, 11 plants, 31 avg. energy, 32 avg. life time, 3 avg. childs
267. 42 animals, 11 plants, 33 avg. energy, 32 avg. life time, 3 avg. childs
268. 41 animals, 12 plants, 33 avg. energy, 32 avg. life time, 3 avg. childs
269. 42 animals, 12 plants, 32 avg. energy, 32 avg. life time, 3 avg. childs
270. 39 animals, 13 plants, 34 avg. energy, 32 avg. life time, 3 avg. childs
271. 41 animals, 13 plants, 32 avg. energy, 32 avg. life time, 3 avg. childs
272. 44 animals, 12 plants, 31 avg. energy, 32 avg. life time, 3 avg. childs
273. 46 animals, 12 plants, 30 avg. energy, 32 avg. life time, 3 avg. childs
274. 47 animals, 13 plants, 28 avg. energy, 32 avg. life time, 3 avg. childs
275. 47 animals, 13 plants, 28 avg. energy, 32 avg. life time, 3 avg. childs
276. 45 animals, 13 plants, 29 avg. energy, 32 avg. life time, 3 avg. childs
277. 46 animals, 13 plants, 28 avg. energy, 32 avg. life time, 3 avg. childs
278. 46 animals, 11 plants, 30 avg. energy, 32 avg. life time, 3 avg. childs
279. 48 animals, 11 plants, 29 avg. energy, 32 avg. life time, 3 avg. childs
280. 49 animals, 12 plants, 27 avg. energy, 32 avg. life time, 3 avg. childs
281. 51 animals, 13 plants, 25 avg. energy, 32 avg. life time, 3 avg. childs
282. 53 animals, 13 plants, 24 avg. energy, 32 avg. life time, 3 avg. childs
283. 54 animals, 12 plants, 24 avg. energy, 32 avg. life time, 3 avg. childs
284. 56 animals, 13 plants, 22 avg. energy, 32 avg. life time, 2 avg. childs
285. 55 animals, 13 plants, 22 avg. energy, 32 avg. life time, 3 avg. childs
286. 55 animals, 13 plants, 22 avg. energy, 32 avg. life time, 3 avg. childs
287. 54 animals, 12 plants, 23 avg. energy, 32 avg. life time, 3 avg. childs
288. 55 animals, 12 plants, 22 avg. energy, 32 avg. life time, 3 avg. childs
289. 54 animals, 12 plants, 22 avg. energy, 32 avg. life time, 3 avg. childs
290. 51 animals, 12 plants, 23 avg. energy, 32 avg. life time, 3 avg. childs
291. 51 animals, 13 plants, 22 avg. energy, 32 avg. life time, 3 avg. childs
292. 51 animals, 13 plants, 22 avg. energy, 31 avg. life time, 3 avg. childs
293. 50 animals, 13 plants, 23 avg. energy, 31 avg. life time, 3 avg. childs
294. 49 animals, 14 plants, 22 avg. energy, 32 avg. life time, 3 avg. childs
295. 46 animals, 14 plants, 23 avg. energy, 33 avg. life time, 2 avg. childs
296. 44 animals, 14 plants, 24 avg. energy, 33 avg. life time, 2 avg. childs
297. 42 animals, 12 plants, 27 avg. energy, 33 avg. life time, 2 avg. childs
298. 41 animals, 13 plants, 27 avg. energy, 34 avg. life time, 2 avg. childs
299. 40 animals, 14 plants, 27 avg. energy, 34 avg. life time, 2 avg. childs
300. 38 animals, 15 plants, 27 avg. energy, 34 avg. life time, 2 avg. childs
301. 39 animals, 13 plants, 29 avg. energy, 34 avg. life time, 2 avg. childs
302. 35 animals, 14 plants, 31 avg. energy, 33 avg. life time, 2 avg. childs
303. 35 animals, 14 plants, 31 avg. energy, 33 avg. life time, 2 avg. childs
304. 36 animals, 15 plants, 29 avg. energy, 33 avg. life time, 2 avg. childs
305. 36 animals, 16 plants, 28 avg. energy, 33 avg. life time, 2 avg. childs
306. 35 animals, 16 plants, 29 avg. energy, 33 avg. life time, 2 avg. childs
307. 32 animals, 17 plants, 31 avg. energy, 34 avg. life time, 2 avg. childs
308. 33 animals, 16 plants, 32 avg. energy, 34 avg. life time, 2 avg. childs
309. 34 animals, 17 plants, 30 avg. energy, 34 avg. life time, 2 avg. childs
310. 35 animals, 17 plants, 29 avg. energy, 34 avg. life time, 2 avg. childs
311. 33 animals, 17 plants, 31 avg. energy, 34 avg. life time, 2 avg. childs
312. 33 animals, 18 plants, 30 avg. energy, 34 avg. life time, 2 avg. childs
313. 30 animals, 18 plants, 33 avg. energy, 35 avg. life time, 2 avg. childs
314. 31 animals, 18 plants, 33 avg. energy, 35 avg. life time, 2 avg. childs
315. 32 animals, 19 plants, 31 avg. energy, 35 avg. life time, 2 avg. childs
316. 30 animals, 19 plants, 33 avg. energy, 34 avg. life time, 2 avg. childs
317. 29 animals, 18 plants, 36 avg. energy, 34 avg. life time, 2 avg. childs
318. 29 animals, 19 plants, 35 avg. energy, 34 avg. life time, 2 avg. childs
319. 28 animals, 20 plants, 35 avg. energy, 34 avg. life time, 2 avg. childs
320. 27 animals, 20 plants, 37 avg. energy, 34 avg. life time, 2 avg. childs
321. 27 animals, 20 plants, 38 avg. energy, 34 avg. life time, 2 avg. childs
322. 27 animals, 20 plants, 38 avg. energy, 34 avg. life time, 2 avg. childs
323. 26 animals, 19 plants, 42 avg. energy, 34 avg. life time, 2 avg. childs
324. 25 animals, 20 plants, 42 avg. energy, 34 avg. life time, 2 avg. childs
325. 25 animals, 20 plants, 43 avg. energy, 34 avg. life time, 2 avg. childs
326. 25 animals, 21 plants, 42 avg. energy, 34 avg. life time, 2 avg. childs
327. 23 animals, 21 plants, 46 avg. energy, 34 avg. life time, 2 avg. childs
328. 24 animals, 22 plants, 43 avg. energy, 34 avg. life time, 2 avg. childs
329. 25 animals, 22 plants, 42 avg. energy, 34 avg. life time, 2 avg. childs
330. 26 animals, 20 plants, 44 avg. energy, 34 avg. life time, 2 avg. childs
331. 27 animals, 21 plants, 42 avg. energy, 34 avg. life time, 2 avg. childs
332. 28 animals, 20 plants, 42 avg. energy, 34 avg. life time, 2 avg. childs
333. 26 animals, 19 plants, 48 avg. energy, 35 avg. life time, 2 avg. childs
334. 28 animals, 20 plants, 43 avg. energy, 35 avg. life time, 2 avg. childs
335. 31 animals, 21 plants, 38 avg. energy, 35 avg. life time, 2 avg. childs
336. 33 animals, 22 plants, 35 avg. energy, 35 avg. life time, 2 avg. childs
337. 36 animals, 23 plants, 31 avg. energy, 35 avg. life time, 2 avg. childs
338. 38 animals, 22 plants, 30 avg. energy, 35 avg. life time, 2 avg. childs
339. 40 animals, 21 plants, 30 avg. energy, 35 avg. life time, 2 avg. childs
340. 41 animals, 21 plants, 29 avg. energy, 35 avg. life time, 2 avg. childs
341. 41 animals, 22 plants, 28 avg. energy, 35 avg. life time, 2 avg. childs
342. 41 animals, 22 plants, 28 avg. energy, 35 avg. life time, 2 avg. childs
343. 41 animals, 23 plants, 27 avg. energy, 35 avg. life time, 2 avg. childs
344. 42 animals, 24 plants, 26 avg. energy, 35 avg. life time, 2 avg. childs
345. 43 animals, 23 plants, 26 avg. energy, 35 avg. life time, 2 avg. childs
346. 45 animals, 21 plants, 26 avg. energy, 35 avg. life time, 2 avg. childs
347. 47 animals, 21 plants, 25 avg. energy, 35 avg. life time, 2 avg. childs
348. 46 animals, 21 plants, 26 avg. energy, 35 avg. life time, 2 avg. childs
349. 44 animals, 21 plants, 27 avg. energy, 34 avg. life time, 2 avg. childs
350. 44 animals, 20 plants, 28 avg. energy, 34 avg. life time, 2 avg. childs
351. 43 animals, 20 plants, 28 avg. energy, 34 avg. life time, 2 avg. childs
352. 43 animals, 17 plants, 31 avg. energy, 34 avg. life time, 2 avg. childs
353. 45 animals, 18 plants, 29 avg. energy, 34 avg. life time, 2 avg. childs
354. 44 animals, 19 plants, 28 avg. energy, 34 avg. life time, 2 avg. childs
355. 43 animals, 16 plants, 32 avg. energy, 34 avg. life time, 2 avg. childs
356. 43 animals, 14 plants, 34 avg. energy, 34 avg. life time, 2 avg. childs
357. 45 animals, 14 plants, 32 avg. energy, 34 avg. life time, 2 avg. childs
358. 47 animals, 11 plants, 33 avg. energy, 34 avg. life time, 2 avg. childs
359. 47 animals, 12 plants, 32 avg. energy, 34 avg. life time, 2 avg. childs
360. 48 animals, 12 plants, 31 avg. energy, 34 avg. life time, 2 avg. childs
361. 49 animals, 13 plants, 30 avg. energy, 34 avg. life time, 2 avg. childs
362. 50 animals, 14 plants, 28 avg. energy, 34 avg. life time, 2 avg. childs
363. 52 animals, 15 plants, 26 avg. energy, 34 avg. life time, 2 avg. childs
364. 53 animals, 15 plants, 25 avg. energy, 34 avg. life time, 2 avg. childs
365. 55 animals, 15 plants, 24 avg. energy, 34 avg. life time, 2 avg. childs
366. 56 animals, 14 plants, 24 avg. energy, 34 avg. life time, 2 avg. childs
367. 56 animals, 14 plants, 24 avg. energy, 34 avg. life time, 2 avg. childs
368. 57 animals, 14 plants, 23 avg. energy, 34 avg. life time, 2 avg. childs
369. 59 animals, 13 plants, 23 avg. energy, 34 avg. life time, 2 avg. childs
370. 60 animals, 11 plants, 24 avg. energy, 34 avg. life time, 2 avg. childs
371. 60 animals, 7 plants, 26 avg. energy, 34 avg. life time, 2 avg. childs
372. 61 animals, 7 plants, 25 avg. energy, 34 avg. life time, 2 avg. childs
373. 64 animals, 6 plants, 24 avg. energy, 34 avg. life time, 2 avg. childs
374. 65 animals, 5 plants, 24 avg. energy, 34 avg. life time, 2 avg. childs
375. 65 animals, 6 plants, 23 avg. energy, 34 avg. life time, 2 avg. childs
376. 61 animals, 6 plants, 24 avg. energy, 34 avg. life time, 2 avg. childs
377. 61 animals, 6 plants, 24 avg. energy, 34 avg. life time, 2 avg. childs
378. 62 animals, 6 plants, 23 avg. energy, 34 avg. life time, 2 avg. childs
379. 62 animals, 7 plants, 22 avg. energy, 34 avg. life time, 2 avg. childs
380. 62 animals, 6 plants, 23 avg. energy, 34 avg. life time, 2 avg. childs
381. 62 animals, 5 plants, 23 avg. energy, 34 avg. life time, 2 avg. childs
382. 62 animals, 6 plants, 22 avg. energy, 34 avg. life time, 2 avg. childs
383. 60 animals, 5 plants, 23 avg. energy, 34 avg. life time, 2 avg. childs
384. 61 animals, 6 plants, 22 avg. energy, 34 avg. life time, 2 avg. childs
385. 59 animals, 5 plants, 23 avg. energy, 34 avg. life time, 2 avg. childs
386. 57 animals, 6 plants, 23 avg. energy, 33 avg. life time, 2 avg. childs
387. 57 animals, 7 plants, 22 avg. energy, 33 avg. life time, 2 avg. childs
388. 61 animals, 8 plants, 19 avg. energy, 33 avg. life time, 2 avg. childs
389. 61 animals, 9 plants, 18 avg. energy, 33 avg. life time, 2 avg. childs
390. 63 animals, 9 plants, 17 avg. energy, 33 avg. life time, 2 avg. childs
391. 61 animals, 10 plants, 17 avg. energy, 33 avg. life time, 2 avg. childs
392. 57 animals, 11 plants, 17 avg. energy, 33 avg. life time, 2 avg. childs
393. 56 animals, 10 plants, 18 avg. energy, 33 avg. life time, 2 avg. childs
394. 55 animals, 11 plants, 17 avg. energy, 33 avg. life time, 2 avg. childs
395. 52 animals, 11 plants, 18 avg. energy, 34 avg. life time, 2 avg. childs
396. 50 animals, 10 plants, 20 avg. energy, 34 avg. life time, 2 avg. childs
397. 48 animals, 10 plants, 20 avg. energy, 34 avg. life time, 2 avg. childs
398. 48 animals, 11 plants, 19 avg. energy, 34 avg. life time, 2 avg. childs
399. 48 animals, 11 plants, 19 avg. energy, 34 avg. life time, 2 avg. childs
400. 48 animals, 12 plants, 18 avg. energy, 34 avg. life time, 2 avg. childs
401. 47 animals, 12 plants, 18 avg. energy, 34 avg. life time, 2 avg. childs
402. 45 animals, 12 plants, 19 avg. energy, 34 avg. life time, 2 avg. childs
403. 46 animals, 9 plants, 21 avg. energy, 34 avg. life time, 2 avg. childs
404. 44 animals, 9 plants, 22 avg. energy, 34 avg. life time, 2 avg. childs
405. 43 animals, 10 plants, 22 avg. energy, 34 avg. life time, 2 avg. childs
406. 43 animals, 10 plants, 21 avg. energy, 34 avg. life time, 2 avg. childs
407. 41 animals, 10 plants, 23 avg. energy, 34 avg. life time, 2 avg. childs
408. 39 animals, 9 plants, 25 avg. energy, 33 avg. life time, 2 avg. childs
409. 42 animals, 9 plants, 23 avg. energy, 33 avg. life time, 2 avg. childs
410. 43 animals, 9 plants, 23 avg. energy, 33 avg. life time, 2 avg. childs
411. 44 animals, 9 plants, 22 avg. energy, 33 avg. life time, 2 avg. childs
412. 44 animals, 10 plants, 21 avg. energy, 33 avg. life time, 2 avg. childs
413. 42 animals, 9 plants, 23 avg. energy, 33 avg. life time, 2 avg. childs
414. 42 animals, 8 plants, 24 avg. energy, 33 avg. life time, 2 avg. childs
415. 40 animals, 8 plants, 25 avg. energy, 34 avg. life time, 2 avg. childs
416. 41 animals, 9 plants, 23 avg. energy, 34 avg. life time, 2 avg. childs
417. 42 animals, 8 plants, 24 avg. energy, 34 avg. life time, 2 avg. childs
418. 43 animals, 8 plants, 23 avg. energy, 34 avg. life time, 2 avg. childs
419. 44 animals, 8 plants, 23 avg. energy, 34 avg. life time, 2 avg. childs
420. 45 animals, 8 plants, 22 avg. energy, 34 avg. life time, 2 avg. childs
421. 47 animals, 9 plants, 20 avg. energy, 34 avg. life time, 2 avg. childs
422. 45 animals, 10 plants, 20 avg. energy, 34 avg. life time, 2 avg. childs
423. 44 animals, 11 plants, 20 avg. energy, 34 avg. life time, 2 avg. childs
424. 45 animals, 11 plants, 19 avg. energy, 34 avg. life time, 2 avg. childs
425. 44 animals, 12 plants, 18 avg. energy, 34 avg. life time, 2 avg. childs
426. 42 animals, 12 plants, 19 avg. energy, 34 avg. life time, 2 avg. childs
427. 42 animals, 13 plants, 18 avg. energy, 34 avg. life time, 2 avg. childs
428. 40 animals, 13 plants, 19 avg. energy, 34 avg. life time, 2 avg. childs
429. 39 animals, 14 plants, 19 avg. energy, 34 avg. life time, 2 avg. childs
430. 40 animals, 14 plants, 18 avg. energy, 34 avg. life time, 2 avg. childs
431. 39 animals, 14 plants, 19 avg. energy, 34 avg. life time, 2 avg. childs
432. 38 animals, 13 plants, 20 avg. energy, 34 avg. life time, 2 avg. childs
433. 36 animals, 13 plants, 22 avg. energy, 34 avg. life time, 2 avg. childs
434. 33 animals, 14 plants, 23 avg. energy, 34 avg. life time, 2 avg. childs
435. 31 animals, 15 plants, 23 avg. energy, 34 avg. life time, 2 avg. childs
436. 31 animals, 15 plants, 24 avg. energy, 34 avg. life time, 2 avg. childs
437. 29 animals, 14 plants, 27 avg. energy, 34 avg. life time, 2 avg. childs
438. 29 animals, 14 plants, 27 avg. energy, 34 avg. life time, 3 avg. childs
439. 27 animals, 15 plants, 28 avg. energy, 34 avg. life time, 2 avg. childs
440. 28 animals, 15 plants, 28 avg. energy, 34 avg. life time, 2 avg. childs
441. 28 animals, 15 plants, 28 avg. energy, 34 avg. life time, 2 avg. childs
442. 27 animals, 15 plants, 30 avg. energy, 34 avg. life time, 3 avg. childs
443. 27 animals, 15 plants, 30 avg. energy, 34 avg. life time, 3 avg. childs
444. 27 animals, 15 plants, 31 avg. energy, 34 avg. life time, 3 avg. childs
445. 27 animals, 14 plants, 33 avg. energy, 34 avg. life time, 3 avg. childs
446. 27 animals, 14 plants, 33 avg. energy, 34 avg. life time, 3 avg. childs
447. 27 animals, 15 plants, 32 avg. energy, 34 avg. life time, 3 avg. childs
448. 29 animals, 15 plants, 31 avg. energy, 34 avg. life time, 3 avg. childs
449. 29 animals, 16 plants, 30 avg. energy, 34 avg. life time, 3 avg. childs
450. 30 animals, 17 plants, 28 avg. energy, 34 avg. life time, 3 avg. childs
451. 31 animals, 16 plants, 28 avg. energy, 34 avg. life time, 3 avg. childs
452. 32 animals, 13 plants, 32 avg. energy, 34 avg. life time, 3 avg. childs
453. 32 animals, 13 plants, 32 avg. energy, 34 avg. life time, 2 avg. childs
454. 32 animals, 11 plants, 35 avg. energy, 34 avg. life time, 2 avg. childs
455. 33 animals, 12 plants, 33 avg. energy, 34 avg. life time, 2 avg. childs
456. 32 animals, 13 plants, 33 avg. energy, 34 avg. life time, 2 avg. childs
457. 32 animals, 13 plants, 33 avg. energy, 34 avg. life time, 2 avg. childs
458. 31 animals, 12 plants, 36 avg. energy, 34 avg. life time, 3 avg. childs
459. 31 animals, 12 plants, 36 avg. energy, 34 avg. life time, 3 avg. childs
460. 31 animals, 12 plants, 36 avg. energy, 34 avg. life time, 3 avg. childs
461. 30 animals, 11 plants, 39 avg. energy, 34 avg. life time, 3 avg. childs
462. 30 animals, 12 plants, 38 avg. energy, 34 avg. life time, 3 avg. childs
463. 30 animals, 13 plants, 37 avg. energy, 34 avg. life time, 3 avg. childs
464. 28 animals, 14 plants, 39 avg. energy, 34 avg. life time, 3 avg. childs
465. 29 animals, 14 plants, 38 avg. energy, 34 avg. life time, 3 avg. childs
466. 30 animals, 14 plants, 37 avg. energy, 34 avg. life time, 3 avg. childs
467. 30 animals, 14 plants, 37 avg. energy, 34 avg. life time, 3 avg. childs
468. 31 animals, 14 plants, 36 avg. energy, 34 avg. life time, 3 avg. childs
469. 32 animals, 14 plants, 36 avg. energy, 34 avg. life time, 3 avg. childs
470. 31 animals, 15 plants, 36 avg. energy, 34 avg. life time, 3 avg. childs
471. 30 animals, 16 plants, 36 avg. energy, 34 avg. life time, 3 avg. childs
472. 31 animals, 15 plants, 36 avg. energy, 34 avg. life time, 3 avg. childs
473. 35 animals, 14 plants, 34 avg. energy, 34 avg. life time, 2 avg. childs
474. 36 animals, 14 plants, 33 avg. energy, 34 avg. life time, 2 avg. childs
475. 36 animals, 14 plants, 33 avg. energy, 34 avg. life time, 2 avg. childs
476. 36 animals, 13 plants, 34 avg. energy, 34 avg. life time, 2 avg. childs
477. 37 animals, 13 plants, 33 avg. energy, 34 avg. life time, 2 avg. childs
478. 38 animals, 13 plants, 32 avg. energy, 34 avg. life time, 2 avg. childs
479. 38 animals, 13 plants, 33 avg. energy, 34 avg. life time, 2 avg. childs
480. 37 animals, 14 plants, 32 avg. energy, 34 avg. life time, 2 avg. childs
481. 39 animals, 15 plants, 30 avg. energy, 34 avg. life time, 2 avg. childs
482. 39 animals, 15 plants, 30 avg. energy, 34 avg. life time, 2 avg. childs
483. 41 animals, 16 plants, 27 avg. energy, 34 avg. life time, 2 avg. childs
484. 44 animals, 16 plants, 26 avg. energy, 34 avg. life time, 2 avg. childs
485. 44 animals, 15 plants, 26 avg. energy, 34 avg. life time, 2 avg. childs
486. 42 animals, 14 plants, 29 avg. energy, 34 avg. life time, 2 avg. childs
487. 42 animals, 14 plants, 28 avg. energy, 34 avg. life time, 2 avg. childs
488. 45 animals, 14 plants, 27 avg. energy, 34 avg. life time, 2 avg. childs
489. 46 animals, 13 plants, 27 avg. energy, 34 avg. life time, 2 avg. childs
490. 47 animals, 11 plants, 28 avg. energy, 34 avg. life time, 2 avg. childs
491. 48 animals, 11 plants, 27 avg. energy, 34 avg. life time, 2 avg. childs
492. 47 animals, 12 plants, 27 avg. energy, 34 avg. life time, 2 avg. childs
493. 46 animals, 12 plants, 27 avg. energy, 34 avg. life time, 2 avg. childs
494. 45 animals, 13 plants, 27 avg. energy, 34 avg. life time, 2 avg. childs
495. 45 animals, 14 plants, 26 avg. energy, 34 avg. life time, 2 avg. childs
496. 44 animals, 13 plants, 27 avg. energy, 34 avg. life time, 2 avg. childs
497. 44 animals, 13 plants, 27 avg. energy, 34 avg. life time, 2 avg. childs
498. 44 animals, 13 plants, 27 avg. energy, 34 avg. life time, 2 avg. childs
499. 43 animals, 12 plants, 29 avg. energy, 34 avg. life time, 2 avg. childs
500. 41 animals, 12 plants, 30 avg. energy, 34 avg. life time, 3 avg. childs
501. 42 animals, 13 plants, 28 avg. energy, 34 avg. life time, 2 avg. childs
502. 43 animals, 13 plants, 28 avg. energy, 34 avg. life time, 2 avg. childs
503. 41 animals, 14 plants, 28 avg. energy, 34 avg. life time, 2 avg. childs
504. 40 animals, 15 plants, 28 avg. energy, 34 avg. life time, 3 avg. childs
505. 41 animals, 16 plants, 26 avg. energy, 34 avg. life time, 3 avg. childs
506. 42 animals, 16 plants, 25 avg. energy, 34 avg. life time, 3 avg. childs
507. 43 animals, 16 plants, 25 avg. energy, 34 avg. life time, 2 avg. childs
508. 39 animals, 17 plants, 26 avg. energy, 34 avg. life time, 3 avg. childs
509. 37 animals, 17 plants, 28 avg. energy, 34 avg. life time, 3 avg. childs
510. 38 animals, 17 plants, 27 avg. energy, 34 avg. life time, 3 avg. childs
511. 38 animals, 17 plants, 27 avg. energy, 34 avg. life time, 3 avg. childs
512. 38 animals, 17 plants, 27 avg. energy, 34 avg. life time, 3 avg. childs
513. 38 animals, 17 plants, 27 avg. energy, 34 avg. life time, 3 avg. childs
514. 40 animals, 15 plants, 28 avg. energy, 34 avg. life time, 3 avg. childs
515. 40 animals, 11 plants, 32 avg. energy, 34 avg. life time, 3 avg. childs
516. 40 animals, 12 plants, 31 avg. energy, 34 avg. life time, 3 avg. childs
517. 41 animals, 10 plants, 32 avg. energy, 34 avg. life time, 3 avg. childs
518. 40 animals, 10 plants, 33 avg. energy, 34 avg. life time, 3 avg. childs
519. 40 animals, 10 plants, 33 avg. energy, 34 avg. life time, 3 avg. childs
520. 41 animals, 10 plants, 32 avg. energy, 34 avg. life time, 3 avg. childs
521. 42 animals, 11 plants, 31 avg. energy, 34 avg. life time, 3 avg. childs
522. 41 animals, 10 plants, 32 avg. energy, 34 avg. life time, 3 avg. childs
523. 39 animals, 9 plants, 35 avg. energy, 34 avg. life time, 3 avg. childs
524. 41 animals, 9 plants, 33 avg. energy, 34 avg. life time, 3 avg. childs
525. 44 animals, 10 plants, 30 avg. energy, 34 avg. life time, 3 avg. childs
526. 46 animals, 11 plants, 28 avg. energy, 34 avg. life time, 3 avg. childs
527. 49 animals, 10 plants, 27 avg. energy, 34 avg. life time, 3 avg. childs
528. 50 animals, 9 plants, 27 avg. energy, 34 avg. life time, 3 avg. childs
529. 51 animals, 9 plants, 26 avg. energy, 34 avg. life time, 3 avg. childs
530. 51 animals, 9 plants, 26 avg. energy, 34 avg. life time, 3 avg. childs
531. 52 animals, 10 plants, 24 avg. energy, 34 avg. life time, 3 avg. childs
532. 52 animals, 11 plants, 23 avg. energy, 34 avg. life time, 3 avg. childs
533. 51 animals, 12 plants, 23 avg. energy, 34 avg. life time, 3 avg. childs
534. 52 animals, 12 plants, 22 avg. energy, 34 avg. life time, 3 avg. childs
535. 51 animals, 13 plants, 22 avg. energy, 34 avg. life time, 2 avg. childs
536. 51 animals, 13 plants, 22 avg. energy, 34 avg. life time, 2 avg. childs
537. 53 animals, 13 plants, 21 avg. energy, 34 avg. life time, 2 avg. childs
538. 55 animals, 14 plants, 19 avg. energy, 34 avg. life time, 2 avg. childs
539. 56 animals, 15 plants, 17 avg. energy, 34 avg. life time, 2 avg. childs
540. 56 animals, 14 plants, 18 avg. energy, 35 avg. life time, 2 avg. childs
541. 55 animals, 14 plants, 18 avg. energy, 35 avg. life time, 2 avg. childs
542. 55 animals, 15 plants, 17 avg. energy, 35 avg. life time, 2 avg. childs
543. 53 animals, 16 plants, 17 avg. energy, 35 avg. life time, 2 avg. childs
544. 52 animals, 17 plants, 16 avg. energy, 35 avg. life time, 2 avg. childs
545. 51 animals, 18 plants, 15 avg. energy, 35 avg. life time, 2 avg. childs
546. 46 animals, 18 plants, 17 avg. energy, 35 avg. life time, 2 avg. childs
547. 44 animals, 16 plants, 20 avg. energy, 35 avg. life time, 2 avg. childs
548. 43 animals, 17 plants, 19 avg. energy, 35 avg. life time, 2 avg. childs
549. 44 animals, 17 plants, 19 avg. energy, 35 avg. life time, 2 avg. childs
550. 43 animals, 16 plants, 20 avg. energy, 35 avg. life time, 2 avg. childs
551. 44 animals, 14 plants, 21 avg. energy, 35 avg. life time, 2 avg. childs
552. 44 animals, 14 plants, 21 avg. energy, 35 avg. life time, 2 avg. childs
553. 42 animals, 14 plants, 22 avg. energy, 35 avg. life time, 2 avg. childs
554. 41 animals, 14 plants, 23 avg. energy, 35 avg. life time, 2 avg. childs
555. 42 animals, 14 plants, 22 avg. energy, 35 avg. life time, 2 avg. childs
556. 43 animals, 15 plants, 21 avg. energy, 35 avg. life time, 2 avg. childs
557. 40 animals, 15 plants, 22 avg. energy, 35 avg. life time, 2 avg. childs
558. 38 animals, 15 plants, 23 avg. energy, 35 avg. life time, 2 avg. childs
559. 37 animals, 16 plants, 23 avg. energy, 35 avg. life time, 2 avg. childs
560. 37 animals, 17 plants, 22 avg. energy, 35 avg. life time, 2 avg. childs
561. 37 animals, 17 plants, 22 avg. energy, 35 avg. life time, 2 avg. childs
562. 36 animals, 17 plants, 23 avg. energy, 35 avg. life time, 2 avg. childs
563. 36 animals, 17 plants, 23 avg. energy, 35 avg. life time, 2 avg. childs
564. 34 animals, 14 plants, 28 avg. energy, 35 avg. life time, 2 avg. childs
565. 34 animals, 14 plants, 28 avg. energy, 35 avg. life time, 2 avg. childs
566. 36 animals, 15 plants, 26 avg. energy, 35 avg. life time, 2 avg. childs
567. 35 animals, 15 plants, 27 avg. energy, 35 avg. life time, 2 avg. childs
568. 36 animals, 16 plants, 25 avg. energy, 35 avg. life time, 2 avg. childs
569. 38 animals, 16 plants, 24 avg. energy, 35 avg. life time, 2 avg. childs
570. 38 animals, 17 plants, 23 avg. energy, 36 avg. life time, 2 avg. childs
571. 38 animals, 17 plants, 23 avg. energy, 35 avg. life time, 2 avg. childs
572. 35 animals, 16 plants, 26 avg. energy, 35 avg. life time, 2 avg. childs
573. 35 animals, 17 plants, 25 avg. energy, 35 avg. life time, 2 avg. childs
574. 35 animals, 16 plants, 27 avg. energy, 35 avg. life time, 2 avg. childs
575. 37 animals, 16 plants, 25 avg. energy, 35 avg. life time, 2 avg. childs
576. 39 animals, 15 plants, 25 avg. energy, 35 avg. life time, 2 avg. childs
577. 37 animals, 15 plants, 27 avg. energy, 35 avg. life time, 2 avg. childs
578. 37 animals, 16 plants, 26 avg. energy, 35 avg. life time, 2 avg. childs
579. 37 animals, 16 plants, 26 avg. energy, 35 avg. life time, 2 avg. childs
580. 37 animals, 15 plants, 27 avg. energy, 35 avg. life time, 2 avg. childs
581. 37 animals, 16 plants, 26 avg. energy, 35 avg. life time, 2 avg. childs
582. 37 animals, 17 plants, 25 avg. energy, 35 avg. life time, 2 avg. childs
583. 40 animals, 17 plants, 23 avg. energy, 35 avg. life time, 2 avg. childs
584. 38 animals, 17 plants, 24 avg. energy, 35 avg. life time, 2 avg. childs
585. 40 animals, 18 plants, 22 avg. energy, 35 avg. life time, 2 avg. childs
586. 39 animals, 18 plants, 23 avg. energy, 35 avg. life time, 2 avg. childs
587. 39 animals, 19 plants, 22 avg. energy, 35 avg. life time, 2 avg. childs
588. 36 animals, 20 plants, 23 avg. energy, 35 avg. life time, 2 avg. childs
589. 37 animals, 20 plants, 22 avg. energy, 35 avg. life time, 2 avg. childs
590. 35 animals, 20 plants, 24 avg. energy, 35 avg. life time, 2 avg. childs
591. 35 animals, 21 plants, 23 avg. energy, 35 avg. life time, 2 avg. childs
592. 34 animals, 22 plants, 22 avg. energy, 35 avg. life time, 2 avg. childs
593. 34 animals, 23 plants, 21 avg. energy, 35 avg. life time, 2 avg. childs
594. 34 animals, 24 plants, 20 avg. energy, 35 avg. life time, 2 avg. childs
595. 36 animals, 23 plants, 20 avg. energy, 35 avg. life time, 2 avg. childs
596. 34 animals, 21 plants, 24 avg. energy, 35 avg. life time, 2 avg. childs
597. 32 animals, 22 plants, 25 avg. energy, 35 avg. life time, 2 avg. childs
598. 32 animals, 22 plants, 25 avg. energy, 35 avg. life time, 2 avg. childs
599. 31 animals, 23 plants, 25 avg. energy, 35 avg. life time, 2 avg. childs
600. 29 animals, 22 plants, 28 avg. energy, 35 avg. life time, 3 avg. childs
601. 28 animals, 22 plants, 30 avg. energy, 35 avg. life time, 3 avg. childs
602. 29 animals, 23 plants, 28 avg. energy, 35 avg. life time, 2 avg. childs
603. 28 animals, 23 plants, 29 avg. energy, 35 avg. life time, 2 avg. childs
604. 26 animals, 23 plants, 32 avg. energy, 35 avg. life time, 3 avg. childs
605. 25 animals, 22 plants, 35 avg. energy, 35 avg. life time, 3 avg. childs
606. 23 animals, 22 plants, 39 avg. energy, 35 avg. life time, 3 avg. childs
607. 23 animals, 21 plants, 42 avg. energy, 35 avg. life time, 3 avg. childs
608. 24 animals, 22 plants, 39 avg. energy, 35 avg. life time, 3 avg. childs
609. 25 animals, 23 plants, 37 avg. energy, 35 avg. life time, 3 avg. childs
610. 25 animals, 21 plants, 40 avg. energy, 35 avg. life time, 3 avg. childs
611. 27 animals, 21 plants, 38 avg. energy, 35 avg. life time, 3 avg. childs
612. 28 animals, 22 plants, 36 avg. energy, 35 avg. life time, 3 avg. childs
613. 29 animals, 22 plants, 35 avg. energy, 35 avg. life time, 2 avg. childs
614. 30 animals, 22 plants, 34 avg. energy, 35 avg. life time, 2 avg. childs
615. 31 animals, 21 plants, 35 avg. energy, 35 avg. life time, 2 avg. childs
616. 29 animals, 22 plants, 36 avg. energy, 35 avg. life time, 2 avg. childs
617. 29 animals, 21 plants, 38 avg. energy, 35 avg. life time, 2 avg. childs
618. 29 animals, 20 plants, 39 avg. energy, 35 avg. life time, 2 avg. childs
619. 29 animals, 19 plants, 41 avg. energy, 35 avg. life time, 2 avg. childs
620. 29 animals, 20 plants, 40 avg. energy, 35 avg. life time, 2 avg. childs
621. 31 animals, 21 plants, 37 avg. energy, 35 avg. life time, 2 avg. childs
622. 35 animals, 21 plants, 33 avg. energy, 35 avg. life time, 2 avg. childs
623. 35 animals, 21 plants, 33 avg. energy, 35 avg. life time, 2 avg. childs
624. 37 animals, 21 plants, 31 avg. energy, 35 avg. life time, 2 avg. childs
625. 36 animals, 22 plants, 31 avg. energy, 35 avg. life time, 2 avg. childs
626. 35 animals, 22 plants, 32 avg. energy, 35 avg. life time, 2 avg. childs
627. 34 animals, 21 plants, 34 avg. energy, 35 avg. life time, 2 avg. childs
628. 34 animals, 21 plants, 35 avg. energy, 35 avg. life time, 2 avg. childs
629. 34 animals, 22 plants, 34 avg. energy, 35 avg. life time, 2 avg. childs
630. 33 animals, 20 plants, 37 avg. energy, 35 avg. life time, 2 avg. childs
631. 34 animals, 21 plants, 35 avg. energy, 35 avg. life time, 2 avg. childs
632. 34 animals, 20 plants, 37 avg. energy, 35 avg. life time, 2 avg. childs
633. 34 animals, 20 plants, 37 avg. energy, 35 avg. life time, 2 avg. childs
634. 36 animals, 21 plants, 34 avg. energy, 35 avg. life time, 2 avg. childs
635. 36 animals, 19 plants, 36 avg. energy, 35 avg. life time, 2 avg. childs
636. 39 animals, 20 plants, 32 avg. energy, 35 avg. life time, 2 avg. childs
637. 41 animals, 20 plants, 31 avg. energy, 35 avg. life time, 2 avg. childs
638. 41 animals, 17 plants, 34 avg. energy, 35 avg. life time, 2 avg. childs
