0. 10 animals, 0 plants, 10 avg. energy, -1 avg. life time, 0 avg. childs
1. 10 animals, 1 plants, 9 avg. energy, -1 avg. life time, 0 avg. childs
2. 11 animals, 2 plants, 7 avg. energy, -1 avg. life time, 0 avg. childs
3. 11 animals, 3 plants, 6 avg. energy, -1 avg. life time, 0 avg. childs
4. 12 animals, 3 plants, 5 avg. energy, -1 avg. life time, 0 avg. childs
5. 12 animals, 4 plants, 4 avg. energy, -1 avg. life time, 0 avg. childs
6. 12 animals, 5 plants, 3 avg. energy, -1 avg. life time, 0 avg. childs
7. 11 animals, 5 plants, 3 avg. energy, 2 avg. life time, 0 avg. childs
8. 11 animals, 5 plants, 3 avg. energy, 2 avg. life time, 0 avg. childs
9. 9 animals, 6 plants, 3 avg. energy, 6 avg. life time, 0 avg. childs
10. 7 animals, 7 plants, 3 avg. energy, 7 avg. life time, 0 avg. childs
11. 3 animals, 8 plants, 7 avg. energy, 8 avg. life time, 0 avg. childs
12. 3 animals, 9 plants, 6 avg. energy, 8 avg. life time, 0 avg. childs
13. 3 animals, 10 plants, 5 avg. energy, 8 avg. life time, 0 avg. childs
14. 3 animals, 11 plants, 4 avg. energy, 8 avg. life time, 0 avg. childs
15. 3 animals, 12 plants, 3 avg. energy, 8 avg. life time, 0 avg. childs
16. 3 animals, 11 plants, 9 avg. energy, 8 avg. life time, 0 avg. childs
17. 2 animals, 12 plants, 13 avg. energy, 9 avg. life time, 0 avg. childs
18. 2 animals, 13 plants, 12 avg. energy, 9 avg. life time, 0 avg. childs
19. 2 animals, 13 plants, 16 avg. energy, 9 avg. life time, 0 avg. childs
20. 2 animals, 14 plants, 15 avg. energy, 9 avg. life time, 0 avg. childs
21. 2 animals, 15 plants, 14 avg. energy, 9 avg. life time, 0 avg. childs
22. 2 animals, 16 plants, 13 avg. energy, 9 avg. life time, 0 avg. childs
23. 2 animals, 16 plants, 17 avg. energy, 9 avg. life time, 0 avg. childs
24. 2 animals, 17 plants, 16 avg. energy, 9 avg. life time, 0 avg. childs
25. 2 animals, 18 plants, 15 avg. energy, 9 avg. life time, 0 avg. childs
26. 2 animals, 19 plants, 14 avg. energy, 9 avg. life time, 0 avg. childs
27. 2 animals, 19 plants, 18 avg. energy, 9 avg. life time, 0 avg. childs
28. 2 animals, 20 plants, 17 avg. energy, 9 avg. life time, 0 avg. childs
29. 2 animals, 20 plants, 21 avg. energy, 9 avg. life time, 0 avg. childs
30. 2 animals, 21 plants, 20 avg. energy, 9 avg. life time, 0 avg. childs
31. 2 animals, 21 plants, 24 avg. energy, 9 avg. life time, 0 avg. childs
32. 2 animals, 22 plants, 23 avg. energy, 9 avg. life time, 0 avg. childs
33. 2 animals, 22 plants, 27 avg. energy, 9 avg. life time, 0 avg. childs
34. 2 animals, 23 plants, 26 avg. energy, 9 avg. life time, 0 avg. childs
35. 2 animals, 23 plants, 25 avg. energy, 9 avg. life time, 0 avg. childs
36. 2 animals, 23 plants, 24 avg. energy, 9 avg. life time, 0 avg. childs
37. 2 animals, 22 plants, 33 avg. energy, 9 avg. life time, 0 avg. childs
38. 2 animals, 23 plants, 32 avg. energy, 9 avg. life time, 0 avg. childs
39. 2 animals, 23 plants, 36 avg. energy, 9 avg. life time, 0 avg. childs
40. 2 animals, 23 plants, 40 avg. energy, 9 avg. life time, 0 avg. childs
41. 2 animals, 23 plants, 39 avg. energy, 9 avg. life time, 0 avg. childs
42. 2 animals, 23 plants, 38 avg. energy, 9 avg. life time, 0 avg. childs
43. 2 animals, 23 plants, 37 avg. energy, 9 avg. life time, 0 avg. childs
44. 2 animals, 23 plants, 36 avg. energy, 9 avg. life time, 0 avg. childs
45. 2 animals, 23 plants, 40 avg. energy, 9 avg. life time, 0 avg. childs
46. 2 animals, 23 plants, 44 avg. energy, 9 avg. life time, 0 avg. childs
47. 2 animals, 23 plants, 43 avg. energy, 9 avg. life time, 0 avg. childs
48. 2 animals, 23 plants, 42 avg. energy, 9 avg. life time, 0 avg. childs
49. 2 animals, 23 plants, 46 avg. energy, 9 avg. life time, 0 avg. childs
50. 2 animals, 23 plants, 50 avg. energy, 9 avg. life time, 0 avg. childs
51. 2 animals, 23 plants, 49 avg. energy, 9 avg. life time, 0 avg. childs
52. 2 animals, 23 plants, 48 avg. energy, 9 avg. life time, 0 avg. childs
53. 2 animals, 23 plants, 47 avg. energy, 9 avg. life time, 0 avg. childs
54. 2 animals, 22 plants, 56 avg. energy, 9 avg. life time, 0 avg. childs
55. 2 animals, 23 plants, 55 avg. energy, 9 avg. life time, 0 avg. childs
56. 2 animals, 23 plants, 54 avg. energy, 9 avg. life time, 0 avg. childs
57. 2 animals, 23 plants, 58 avg. energy, 9 avg. life time, 0 avg. childs
58. 2 animals, 23 plants, 57 avg. energy, 9 avg. life time, 0 avg. childs
59. 2 animals, 23 plants, 61 avg. energy, 9 avg. life time, 0 avg. childs
60. 2 animals, 23 plants, 60 avg. energy, 9 avg. life time, 0 avg. childs
61. 2 animals, 23 plants, 59 avg. energy, 9 avg. life time, 0 avg. childs
62. 2 animals, 22 plants, 68 avg. energy, 9 avg. life time, 0 avg. childs
63. 2 animals, 21 plants, 77 avg. energy, 9 avg. life time, 0 avg. childs
64. 2 animals, 22 plants, 76 avg. energy, 9 avg. life time, 0 avg. childs
65. 2 animals, 23 plants, 75 avg. energy, 9 avg. life time, 0 avg. childs
66. 2 animals, 23 plants, 74 avg. energy, 9 avg. life time, 0 avg. childs
67. 2 animals, 23 plants, 78 avg. energy, 9 avg. life time, 0 avg. childs
68. 2 animals, 23 plants, 82 avg. energy, 9 avg. life time, 0 avg. childs
69. 2 animals, 23 plants, 86 avg. energy, 9 avg. life time, 0 avg. childs
70. 2 animals, 23 plants, 90 avg. energy, 9 avg. life time, 0 avg. childs
71. 2 animals, 22 plants, 99 avg. energy, 9 avg. life time, 0 avg. childs
72. 2 animals, 22 plants, 103 avg. energy, 9 avg. life time, 0 avg. childs
73. 2 animals, 22 plants, 107 avg. energy, 9 avg. life time, 0 avg. childs
74. 2 animals, 23 plants, 106 avg. energy, 9 avg. life time, 0 avg. childs
75. 2 animals, 23 plants, 110 avg. energy, 9 avg. life time, 0 avg. childs
76. 2 animals, 22 plants, 119 avg. energy, 9 avg. life time, 0 avg. childs
77. 2 animals, 23 plants, 118 avg. energy, 9 avg. life time, 0 avg. childs
78. 2 animals, 23 plants, 122 avg. energy, 9 avg. life time, 0 avg. childs
79. 2 animals, 23 plants, 121 avg. energy, 9 avg. life time, 0 avg. childs
80. 2 animals, 23 plants, 125 avg. energy, 9 avg. life time, 0 avg. childs
81. 2 animals, 23 plants, 129 avg. energy, 9 avg. life time, 0 avg. childs
82. 2 animals, 22 plants, 138 avg. energy, 9 avg. life time, 0 avg. childs
83. 2 animals, 23 plants, 137 avg. energy, 9 avg. life time, 0 avg. childs
84. 2 animals, 22 plants, 146 avg. energy, 9 avg. life time, 0 avg. childs
85. 2 animals, 22 plants, 150 avg. energy, 9 avg. life time, 0 avg. childs
86. 2 animals, 22 plants, 154 avg. energy, 9 avg. life time, 0 avg. childs
87. 2 animals, 23 plants, 153 avg. energy, 9 avg. life time, 0 avg. childs
88. 2 animals, 23 plants, 157 avg. energy, 9 avg. life time, 0 avg. childs
89. 2 animals, 23 plants, 161 avg. energy, 9 avg. life time, 0 avg. childs
90. 2 animals, 22 plants, 170 avg. energy, 9 avg. life time, 0 avg. childs
91. 2 animals, 23 plants, 169 avg. energy, 9 avg. life time, 0 avg. childs
92. 2 animals, 23 plants, 173 avg. energy, 9 avg. life time, 0 avg. childs
93. 2 animals, 23 plants, 172 avg. energy, 9 avg. life time, 0 avg. childs
94. 2 animals, 23 plants, 171 avg. energy, 9 avg. life time, 0 avg. childs
95. 2 animals, 23 plants, 170 avg. energy, 9 avg. life time, 0 avg. childs
96. 2 animals, 23 plants, 169 avg. energy, 9 avg. life time, 0 avg. childs
97. 2 animals, 23 plants, 173 avg. energy, 9 avg. life time, 0 avg. childs
98. 2 animals, 23 plants, 172 avg. energy, 9 avg. life time, 0 avg. childs
99. 2 animals, 22 plants, 181 avg. energy, 9 avg. life time, 0 avg. childs
100. 2 animals, 23 plants, 180 avg. energy, 9 avg. life time, 0 avg. childs
101. 2 animals, 23 plants, 184 avg. energy, 9 avg. life time, 0 avg. childs
102. 2 animals, 23 plants, 188 avg. energy, 9 avg. life time, 0 avg. childs
103. 2 animals, 23 plants, 192 avg. energy, 9 avg. life time, 0 avg. childs
104. 2 animals, 23 plants, 196 avg. energy, 9 avg. life time, 0 avg. childs
105. 2 animals, 23 plants, 200 avg. energy, 9 avg. life time, 0 avg. childs
106. 2 animals, 23 plants, 204 avg. energy, 9 avg. life time, 0 avg. childs
107. 2 animals, 23 plants, 203 avg. energy, 9 avg. life time, 0 avg. childs
108. 2 animals, 23 plants, 202 avg. energy, 9 avg. life time, 0 avg. childs
109. 2 animals, 23 plants, 201 avg. energy, 9 avg. life time, 0 avg. childs
110. 2 animals, 23 plants, 205 avg. energy, 9 avg. life time, 0 avg. childs
111. 2 animals, 23 plants, 204 avg. energy, 9 avg. life time, 0 avg. childs
112. 2 animals, 23 plants, 203 avg. energy, 9 avg. life time, 0 avg. childs
113. 2 animals, 23 plants, 202 avg. energy, 9 avg. life time, 0 avg. childs
114. 2 animals, 23 plants, 206 avg. energy, 9 avg. life time, 0 avg. childs
115. 2 animals, 23 plants, 210 avg. energy, 9 avg. life time, 0 avg. childs
116. 2 animals, 23 plants, 209 avg. energy, 9 avg. life time, 0 avg. childs
117. 2 animals, 23 plants, 213 avg. energy, 9 avg. life time, 0 avg. childs
118. 2 animals, 23 plants, 212 avg. energy, 9 avg. life time, 0 avg. childs
119. 2 animals, 23 plants, 211 avg. energy, 9 avg. life time, 0 avg. childs
120. 2 animals, 23 plants, 210 avg. energy, 9 avg. life time, 0 avg. childs
121. 2 animals, 23 plants, 214 avg. energy, 9 avg. life time, 0 avg. childs
122. 2 animals, 23 plants, 213 avg. energy, 9 avg. life time, 0 avg. childs
123. 2 animals, 23 plants, 212 avg. energy, 9 avg. life time, 0 avg. childs
124. 2 animals, 23 plants, 211 avg. energy, 9 avg. life time, 0 avg. childs
125. 2 animals, 23 plants, 215 avg. energy, 9 avg. life time, 0 avg. childs
126. 2 animals, 23 plants, 214 avg. energy, 9 avg. life time, 0 avg. childs
127. 2 animals, 23 plants, 213 avg. energy, 9 avg. life time, 0 avg. childs
128. 2 animals, 22 plants, 222 avg. energy, 9 avg. life time, 0 avg. childs
129. 2 animals, 23 plants, 221 avg. energy, 9 avg. life time, 0 avg. childs
130. 2 animals, 23 plants, 225 avg. energy, 9 avg. life time, 0 avg. childs
131. 2 animals, 23 plants, 224 avg. energy, 9 avg. life time, 0 avg. childs
132. 2 animals, 23 plants, 223 avg. energy, 9 avg. life time, 0 avg. childs
133. 2 animals, 23 plants, 222 avg. energy, 9 avg. life time, 0 avg. childs
134. 2 animals, 23 plants, 226 avg. energy, 9 avg. life time, 0 avg. childs
135. 2 animals, 23 plants, 225 avg. energy, 9 avg. life time, 0 avg. childs
136. 2 animals, 23 plants, 224 avg. energy, 9 avg. life time, 0 avg. childs
137. 2 animals, 23 plants, 223 avg. energy, 9 avg. life time, 0 avg. childs
138. 2 animals, 23 plants, 227 avg. energy, 9 avg. life time, 0 avg. childs
139. 2 animals, 23 plants, 226 avg. energy, 9 avg. life time, 0 avg. childs
140. 2 animals, 23 plants, 225 avg. energy, 9 avg. life time, 0 avg. childs
141. 2 animals, 23 plants, 224 avg. energy, 9 avg. life time, 0 avg. childs
142. 2 animals, 23 plants, 223 avg. energy, 9 avg. life time, 0 avg. childs
143. 2 animals, 23 plants, 222 avg. energy, 9 avg. life time, 0 avg. childs
144. 2 animals, 23 plants, 226 avg. energy, 9 avg. life time, 0 avg. childs
145. 2 animals, 22 plants, 235 avg. energy, 9 avg. life time, 0 avg. childs
146. 3 animals, 23 plants, 156 avg. energy, 9 avg. life time, 0 avg. childs
147. 3 animals, 22 plants, 158 avg. energy, 9 avg. life time, 0 avg. childs
148. 3 animals, 22 plants, 160 avg. energy, 9 avg. life time, 0 avg. childs
149. 3 animals, 22 plants, 159 avg. energy, 9 avg. life time, 0 avg. childs
150. 3 animals, 20 plants, 168 avg. energy, 9 avg. life time, 0 avg. childs
151. 3 animals, 20 plants, 171 avg. energy, 9 avg. life time, 0 avg. childs
152. 3 animals, 21 plants, 170 avg. energy, 9 avg. life time, 0 avg. childs
153. 3 animals, 21 plants, 172 avg. energy, 9 avg. life time, 0 avg. childs
154. 3 animals, 22 plants, 171 avg. energy, 9 avg. life time, 0 avg. childs
155. 3 animals, 21 plants, 177 avg. energy, 9 avg. life time, 0 avg. childs
156. 3 animals, 19 plants, 186 avg. energy, 9 avg. life time, 0 avg. childs
157. 3 animals, 19 plants, 188 avg. energy, 9 avg. life time, 0 avg. childs
158. 3 animals, 18 plants, 194 avg. energy, 9 avg. life time, 0 avg. childs
159. 3 animals, 18 plants, 196 avg. energy, 9 avg. life time, 0 avg. childs
160. 3 animals, 16 plants, 205 avg. energy, 9 avg. life time, 0 avg. childs
161. 3 animals, 17 plants, 204 avg. energy, 9 avg. life time, 0 avg. childs
162. 3 animals, 18 plants, 203 avg. energy, 9 avg. life time, 0 avg. childs
163. 3 animals, 18 plants, 205 avg. energy, 9 avg. life time, 0 avg. childs
164. 3 animals, 19 plants, 204 avg. energy, 9 avg. life time, 0 avg. childs
165. 3 animals, 18 plants, 210 avg. energy, 9 avg. life time, 0 avg. childs
166. 3 animals, 18 plants, 212 avg. energy, 9 avg. life time, 0 avg. childs
167. 3 animals, 18 plants, 215 avg. energy, 9 avg. life time, 0 avg. childs
168. 3 animals, 18 plants, 217 avg. energy, 9 avg. life time, 0 avg. childs
169. 3 animals, 19 plants, 216 avg. energy, 9 avg. life time, 0 avg. childs
170. 3 animals, 19 plants, 218 avg. energy, 9 avg. life time, 0 avg. childs
171. 3 animals, 20 plants, 217 avg. energy, 9 avg. life time, 0 avg. childs
172. 3 animals, 20 plants, 220 avg. energy, 9 avg. life time, 0 avg. childs
173. 3 animals, 20 plants, 222 avg. energy, 9 avg. life time, 0 avg. childs
174. 3 animals, 21 plants, 221 avg. energy, 9 avg. life time, 0 avg. childs
175. 4 animals, 21 plants, 167 avg. energy, 9 avg. life time, 1 avg. childs
176. 5 animals, 22 plants, 133 avg. energy, 9 avg. life time, 1 avg. childs
177. 6 animals, 22 plants, 112 avg. energy, 9 avg. life time, 1 avg. childs
178. 7 animals, 20 plants, 98 avg. energy, 9 avg. life time, 1 avg. childs
179. 8 animals, 19 plants, 86 avg. energy, 9 avg. life time, 1 avg. childs
180. 10 animals, 19 plants, 69 avg. energy, 9 avg. life time, 1 avg. childs
181. 12 animals, 17 plants, 58 avg. energy, 9 avg. life time, 1 avg. childs
182. 15 animals, 16 plants, 47 avg. energy, 9 avg. life time, 1 avg. childs
183. 17 animals, 13 plants, 43 avg. energy, 9 avg. life time, 1 avg. childs
184. 21 animals, 12 plants, 35 avg. energy, 9 avg. life time, 1 avg. childs
185. 24 animals, 9 plants, 31 avg. energy, 9 avg. life time, 1 avg. childs
186. 26 animals, 10 plants, 28 avg. energy, 9 avg. life time, 1 avg. childs
187. 28 animals, 10 plants, 25 avg. energy, 9 avg. life time, 1 avg. childs
188. 28 animals, 11 plants, 24 avg. energy, 7 avg. life time, 2 avg. childs
189. 27 animals, 9 plants, 25 avg. energy, 7 avg. life time, 2 avg. childs
190. 28 animals, 9 plants, 24 avg. energy, 7 avg. life time, 2 avg. childs
191. 30 animals, 8 plants, 22 avg. energy, 7 avg. life time, 2 avg. childs
192. 30 animals, 4 plants, 23 avg. energy, 7 avg. life time, 2 avg. childs
193. 36 animals, 3 plants, 19 avg. energy, 7 avg. life time, 2 avg. childs
194. 44 animals, 3 plants, 15 avg. energy, 7 avg. life time, 2 avg. childs
195. 53 animals, 3 plants, 11 avg. energy, 7 avg. life time, 2 avg. childs
196. 64 animals, 4 plants, 8 avg. energy, 8 avg. life time, 1 avg. childs
197. 73 animals, 3 plants, 7 avg. energy, 8 avg. life time, 1 avg. childs
198. 81 animals, 2 plants, 5 avg. energy, 8 avg. life time, 1 avg. childs
199. 86 animals, 3 plants, 4 avg. energy, 8 avg. life time, 1 avg. childs
200. 83 animals, 1 plants, 4 avg. energy, 8 avg. life time, 2 avg. childs
201. 75 animals, 2 plants, 3 avg. energy, 7 avg. life time, 2 avg. childs
202. 68 animals, 1 plants, 3 avg. energy, 6 avg. life time, 2 avg. childs
203. 57 animals, 1 plants, 2 avg. energy, 6 avg. life time, 2 avg. childs
204. 34 animals, 2 plants, 3 avg. energy, 10 avg. life time, 3 avg. childs
205. 26 animals, 2 plants, 4 avg. energy, 9 avg. life time, 3 avg. childs
206. 19 animals, 2 plants, 5 avg. energy, 12 avg. life time, 3 avg. childs
207. 12 animals, 2 plants, 8 avg. energy, 12 avg. life time, 2 avg. childs
208. 9 animals, 3 plants, 10 avg. energy, 12 avg. life time, 3 avg. childs
209. 10 animals, 4 plants, 8 avg. energy, 12 avg. life time, 3 avg. childs
210. 10 animals, 5 plants, 7 avg. energy, 12 avg. life time, 3 avg. childs
211. 9 animals, 5 plants, 8 avg. energy, 12 avg. life time, 3 avg. childs
212. 8 animals, 6 plants, 8 avg. energy, 12 avg. life time, 3 avg. childs
213. 7 animals, 7 plants, 8 avg. energy, 12 avg. life time, 4 avg. childs
214. 7 animals, 8 plants, 7 avg. energy, 12 avg. life time, 4 avg. childs
215. 7 animals, 9 plants, 6 avg. energy, 12 avg. life time, 4 avg. childs
216. 6 animals, 10 plants, 6 avg. energy, 12 avg. life time, 3 avg. childs
217. 5 animals, 9 plants, 10 avg. energy, 12 avg. life time, 3 avg. childs
218. 5 animals, 8 plants, 13 avg. energy, 12 avg. life time, 3 avg. childs
219. 4 animals, 9 plants, 16 avg. energy, 12 avg. life time, 2 avg. childs
220. 4 animals, 10 plants, 15 avg. energy, 12 avg. life time, 2 avg. childs
221. 4 animals, 10 plants, 16 avg. energy, 12 avg. life time, 2 avg. childs
222. 4 animals, 10 plants, 18 avg. energy, 12 avg. life time, 2 avg. childs
223. 4 animals, 10 plants, 19 avg. energy, 12 avg. life time, 2 avg. childs
224. 4 animals, 11 plants, 18 avg. energy, 12 avg. life time, 2 avg. childs
225. 4 animals, 11 plants, 20 avg. energy, 12 avg. life time, 2 avg. childs
226. 4 animals, 11 plants, 21 avg. energy, 12 avg. life time, 2 avg. childs
227. 5 animals, 12 plants, 16 avg. energy, 12 avg. life time, 2 avg. childs
228. 6 animals, 13 plants, 12 avg. energy, 12 avg. life time, 2 avg. childs
229. 6 animals, 12 plants, 15 avg. energy, 12 avg. life time, 2 avg. childs
230. 6 animals, 12 plants, 15 avg. energy, 12 avg. life time, 2 avg. childs
231. 6 animals, 13 plants, 14 avg. energy, 12 avg. life time, 2 avg. childs
232. 6 animals, 13 plants, 15 avg. energy, 12 avg. life time, 2 avg. childs
233. 6 animals, 13 plants, 16 avg. energy, 12 avg. life time, 2 avg. childs
234. 6 animals, 14 plants, 15 avg. energy, 12 avg. life time, 2 avg. childs
235. 6 animals, 13 plants, 17 avg. energy, 12 avg. life time, 2 avg. childs
236. 6 animals, 12 plants, 19 avg. energy, 12 avg. life time, 2 avg. childs
237. 7 animals, 12 plants, 17 avg. energy, 12 avg. life time, 2 avg. childs
238. 8 animals, 12 plants, 15 avg. energy, 12 avg. life time, 2 avg. childs
239. 9 animals, 12 plants, 14 avg. energy, 12 avg. life time, 2 avg. childs
240. 9 animals, 12 plants, 14 avg. energy, 12 avg. life time, 2 avg. childs
241. 10 animals, 12 plants, 13 avg. energy, 12 avg. life time, 2 avg. childs
242. 12 animals, 11 plants, 11 avg. energy, 12 avg. life time, 2 avg. childs
243. 13 animals, 11 plants, 10 avg. energy, 12 avg. life time, 2 avg. childs
244. 13 animals, 8 plants, 12 avg. energy, 12 avg. life time, 2 avg. childs
245. 13 animals, 8 plants, 12 avg. energy, 12 avg. life time, 2 avg. childs
246. 14 animals, 9 plants, 10 avg. energy, 12 avg. life time, 2 avg. childs
247. 15 animals, 8 plants, 10 avg. energy, 12 avg. life time, 2 avg. childs
248. 13 animals, 9 plants, 10 avg. energy, 12 avg. life time, 2 avg. childs
249. 12 animals, 9 plants, 11 avg. energy, 13 avg. life time, 2 avg. childs
250. 12 animals, 6 plants, 14 avg. energy, 13 avg. life time, 2 avg. childs
251. 12 animals, 7 plants, 13 avg. energy, 13 avg. life time, 2 avg. childs
252. 12 animals, 6 plants, 13 avg. energy, 13 avg. life time, 2 avg. childs
253. 11 animals, 7 plants, 14 avg. energy, 13 avg. life time, 2 avg. childs
254. 12 animals, 6 plants, 13 avg. energy, 13 avg. life time, 2 avg. childs
255. 14 animals, 6 plants, 11 avg. energy, 13 avg. life time, 2 avg. childs
256. 15 animals, 7 plants, 9 avg. energy, 13 avg. life time, 2 avg. childs
257. 16 animals, 7 plants, 8 avg. energy, 13 avg. life time, 2 avg. childs
258. 18 animals, 7 plants, 7 avg. energy, 13 avg. life time, 2 avg. childs
259. 17 animals, 7 plants, 7 avg. energy, 13 avg. life time, 2 avg. childs
260. 17 animals, 5 plants, 8 avg. energy, 13 avg. life time, 2 avg. childs
261. 16 animals, 5 plants, 8 avg. energy, 13 avg. life time, 2 avg. childs
262. 13 animals, 5 plants, 10 avg. energy, 13 avg. life time, 2 avg. childs
263. 13 animals, 6 plants, 9 avg. energy, 13 avg. life time, 2 avg. childs
264. 12 animals, 6 plants, 10 avg. energy, 13 avg. life time, 2 avg. childs
265. 13 animals, 6 plants, 9 avg. energy, 13 avg. life time, 2 avg. childs
266. 13 animals, 6 plants, 9 avg. energy, 13 avg. life time, 2 avg. childs
267. 14 animals, 6 plants, 8 avg. energy, 13 avg. life time, 2 avg. childs
268. 14 animals, 7 plants, 7 avg. energy, 13 avg. life time, 2 avg. childs
269. 14 animals, 6 plants, 7 avg. energy, 13 avg. life time, 2 avg. childs
270. 12 animals, 6 plants, 8 avg. energy, 13 avg. life time, 3 avg. childs
271. 11 animals, 6 plants, 9 avg. energy, 13 avg. life time, 3 avg. childs
272. 11 animals, 7 plants, 8 avg. energy, 13 avg. life time, 2 avg. childs
273. 10 animals, 8 plants, 8 avg. energy, 14 avg. life time, 2 avg. childs
274. 7 animals, 8 plants, 12 avg. energy, 14 avg. life time, 2 avg. childs
275. 8 animals, 9 plants, 10 avg. energy, 14 avg. life time, 2 avg. childs
276. 7 animals, 9 plants, 11 avg. energy, 14 avg. life time, 2 avg. childs
277. 6 animals, 10 plants, 12 avg. energy, 14 avg. life time, 3 avg. childs
278. 5 animals, 11 plants, 14 avg. energy, 14 avg. life time, 3 avg. childs
279. 5 animals, 12 plants, 13 avg. energy, 14 avg. life time, 3 avg. childs
280. 5 animals, 12 plants, 14 avg. energy, 14 avg. life time, 3 avg. childs
281. 5 animals, 12 plants, 15 avg. energy, 14 avg. life time, 3 avg. childs
282. 5 animals, 13 plants, 14 avg. energy, 14 avg. life time, 3 avg. childs
283. 5 animals, 13 plants, 15 avg. energy, 14 avg. life time, 3 avg. childs
284. 5 animals, 14 plants, 14 avg. energy, 14 avg. life time, 3 avg. childs
285. 5 animals, 13 plants, 17 avg. energy, 14 avg. life time, 3 avg. childs
286. 4 animals, 14 plants, 21 avg. energy, 14 avg. life time, 2 avg. childs
287. 4 animals, 15 plants, 20 avg. energy, 14 avg. life time, 2 avg. childs
288. 4 animals, 16 plants, 19 avg. energy, 14 avg. life time, 2 avg. childs
289. 4 animals, 16 plants, 20 avg. energy, 14 avg. life time, 2 avg. childs
290. 4 animals, 17 plants, 19 avg. energy, 14 avg. life time, 2 avg. childs
291. 4 animals, 18 plants, 18 avg. energy, 14 avg. life time, 2 avg. childs
292. 4 animals, 18 plants, 20 avg. energy, 14 avg. life time, 2 avg. childs
293. 4 animals, 19 plants, 19 avg. energy, 14 avg. life time, 2 avg. childs
294. 4 animals, 19 plants, 20 avg. energy, 14 avg. life time, 2 avg. childs
295. 4 animals, 19 plants, 22 avg. energy, 14 avg. life time, 2 avg. childs
296. 4 animals, 19 plants, 23 avg. energy, 14 avg. life time, 2 avg. childs
297. 3 animals, 20 plants, 30 avg. energy, 14 avg. life time, 3 avg. childs
298. 3 animals, 21 plants, 29 avg. energy, 14 avg. life time, 3 avg. childs
299. 3 animals, 20 plants, 35 avg. energy, 14 avg. life time, 3 avg. childs
300. 3 animals, 20 plants, 37 avg. energy, 14 avg. life time, 3 avg. childs
301. 3 animals, 21 plants, 36 avg. energy, 14 avg. life time, 3 avg. childs
302. 3 animals, 20 plants, 42 avg. energy, 14 avg. life time, 3 avg. childs
303. 3 animals, 21 plants, 41 avg. energy, 14 avg. life time, 3 avg. childs
304. 3 animals, 21 plants, 43 avg. energy, 14 avg. life time, 3 avg. childs
305. 3 animals, 20 plants, 49 avg. energy, 14 avg. life time, 3 avg. childs
306. 3 animals, 20 plants, 51 avg. energy, 14 avg. life time, 3 avg. childs
307. 3 animals, 19 plants, 57 avg. energy, 14 avg. life time, 3 avg. childs
308. 3 animals, 18 plants, 62 avg. energy, 14 avg. life time, 3 avg. childs
309. 3 animals, 18 plants, 65 avg. energy, 14 avg. life time, 3 avg. childs
310. 3 animals, 17 plants, 70 avg. energy, 14 avg. life time, 3 avg. childs
311. 3 animals, 17 plants, 73 avg. energy, 14 avg. life time, 3 avg. childs
312. 3 animals, 17 plants, 75 avg. energy, 14 avg. life time, 3 avg. childs
313. 3 animals, 18 plants, 74 avg. energy, 14 avg. life time, 3 avg. childs
314. 3 animals, 17 plants, 80 avg. energy, 14 avg. life time, 3 avg. childs
315. 3 animals, 18 plants, 79 avg. energy, 14 avg. life time, 3 avg. childs
316. 3 animals, 18 plants, 81 avg. energy, 14 avg. life time, 3 avg. childs
317. 3 animals, 17 plants, 87 avg. energy, 14 avg. life time, 3 avg. childs
318. 3 animals, 18 plants, 86 avg. energy, 14 avg. life time, 3 avg. childs
319. 3 animals, 19 plants, 85 avg. energy, 14 avg. life time, 3 avg. childs
320. 3 animals, 19 plants, 87 avg. energy, 14 avg. life time, 3 avg. childs
321. 3 animals, 19 plants, 89 avg. energy, 14 avg. life time, 3 avg. childs
322. 3 animals, 19 plants, 92 avg. energy, 14 avg. life time, 3 avg. childs
323. 4 animals, 20 plants, 68 avg. energy, 14 avg. life time, 3 avg. childs
324. 4 animals, 20 plants, 69 avg. energy, 14 avg. life time, 3 avg. childs
325. 4 animals, 20 plants, 71 avg. energy, 14 avg. life time, 3 avg. childs
326. 4 animals, 18 plants, 77 avg. energy, 14 avg. life time, 3 avg. childs
327. 4 animals, 18 plants, 79 avg. energy, 14 avg. life time, 3 avg. childs
328. 4 animals, 17 plants, 83 avg. energy, 14 avg. life time, 3 avg. childs
329. 4 animals, 16 plants, 87 avg. energy, 14 avg. life time, 3 avg. childs
330. 4 animals, 17 plants, 86 avg. energy, 14 avg. life time, 3 avg. childs
331. 4 animals, 17 plants, 87 avg. energy, 14 avg. life time, 3 avg. childs
332. 4 animals, 18 plants, 86 avg. energy, 14 avg. life time, 3 avg. childs
333. 4 animals, 18 plants, 88 avg. energy, 14 avg. life time, 3 avg. childs
334. 4 animals, 18 plants, 89 avg. energy, 14 avg. life time, 3 avg. childs
335. 4 animals, 18 plants, 91 avg. energy, 14 avg. life time, 3 avg. childs
336. 4 animals, 19 plants, 90 avg. energy, 14 avg. life time, 3 avg. childs
337. 4 animals, 19 plants, 91 avg. energy, 14 avg. life time, 3 avg. childs
338. 4 animals, 19 plants, 93 avg. energy, 14 avg. life time, 3 avg. childs
339. 4 animals, 18 plants, 97 avg. energy, 14 avg. life time, 3 avg. childs
340. 4 animals, 19 plants, 96 avg. energy, 14 avg. life time, 3 avg. childs
341. 4 animals, 19 plants, 97 avg. energy, 14 avg. life time, 3 avg. childs
342. 4 animals, 19 plants, 99 avg. energy, 14 avg. life time, 3 avg. childs
343. 4 animals, 20 plants, 98 avg. energy, 14 avg. life time, 3 avg. childs
344. 4 animals, 19 plants, 102 avg. energy, 14 avg. life time, 3 avg. childs
345. 4 animals, 18 plants, 106 avg. energy, 14 avg. life time, 3 avg. childs
346. 4 animals, 18 plants, 107 avg. energy, 14 avg. life time, 3 avg. childs
347. 4 animals, 19 plants, 106 avg. energy, 14 avg. life time, 3 avg. childs
348. 5 animals, 20 plants, 84 avg. energy, 14 avg. life time, 3 avg. childs
349. 6 animals, 19 plants, 73 avg. energy, 14 avg. life time, 2 avg. childs
350. 7 animals, 20 plants, 61 avg. energy, 14 avg. life time, 2 avg. childs
351. 8 animals, 18 plants, 56 avg. energy, 14 avg. life time, 2 avg. childs
352. 9 animals, 17 plants, 51 avg. energy, 14 avg. life time, 2 avg. childs
353. 10 animals, 17 plants, 46 avg. energy, 14 avg. life time, 2 avg. childs
354. 11 animals, 17 plants, 42 avg. energy, 14 avg. life time, 2 avg. childs
355. 12 animals, 17 plants, 38 avg. energy, 14 avg. life time, 2 avg. childs
356. 14 animals, 16 plants, 33 avg. energy, 14 avg. life time, 2 avg. childs
357. 16 animals, 14 plants, 30 avg. energy, 14 avg. life time, 2 avg. childs
358. 18 animals, 12 plants, 28 avg. energy, 14 avg. life time, 2 avg. childs
359. 20 animals, 10 plants, 25 avg. energy, 14 avg. life time, 2 avg. childs
360. 22 animals, 10 plants, 23 avg. energy, 14 avg. life time, 2 avg. childs
361. 25 animals, 9 plants, 20 avg. energy, 14 avg. life time, 2 avg. childs
362. 27 animals, 7 plants, 18 avg. energy, 14 avg. life time, 2 avg. childs
363. 29 animals, 7 plants, 17 avg. energy, 14 avg. life time, 2 avg. childs
364. 30 animals, 6 plants, 16 avg. energy, 14 avg. life time, 2 avg. childs
365. 35 animals, 5 plants, 13 avg. energy, 14 avg. life time, 2 avg. childs
366. 40 animals, 4 plants, 11 avg. energy, 14 avg. life time, 2 avg. childs
367. 42 animals, 3 plants, 10 avg. energy, 14 avg. life time, 2 avg. childs
368. 43 animals, 4 plants, 9 avg. energy, 14 avg. life time, 2 avg. childs
369. 45 animals, 5 plants, 8 avg. energy, 14 avg. life time, 2 avg. childs
370. 46 animals, 5 plants, 7 avg. energy, 13 avg. life time, 2 avg. childs
371. 45 animals, 4 plants, 6 avg. energy, 13 avg. life time, 2 avg. childs
372. 42 animals, 4 plants, 6 avg. energy, 13 avg. life time, 2 avg. childs
373. 35 animals, 4 plants, 7 avg. energy, 13 avg. life time, 2 avg. childs
374. 33 animals, 3 plants, 7 avg. energy, 13 avg. life time, 2 avg. childs
375. 30 animals, 3 plants, 7 avg. energy, 13 avg. life time, 2 avg. childs
376. 31 animals, 4 plants, 6 avg. energy, 13 avg. life time, 2 avg. childs
377. 31 animals, 4 plants, 5 avg. energy, 13 avg. life time, 2 avg. childs
378. 30 animals, 3 plants, 5 avg. energy, 13 avg. life time, 2 avg. childs
379. 30 animals, 4 plants, 4 avg. energy, 13 avg. life time, 2 avg. childs
380. 27 animals, 3 plants, 4 avg. energy, 13 avg. life time, 3 avg. childs
381. 23 animals, 3 plants, 5 avg. energy, 12 avg. life time, 3 avg. childs
382. 20 animals, 3 plants, 5 avg. energy, 13 avg. life time, 3 avg. childs
383. 16 animals, 4 plants, 5 avg. energy, 14 avg. life time, 3 avg. childs
384. 15 animals, 5 plants, 5 avg. energy, 14 avg. life time, 2 avg. childs
385. 13 animals, 6 plants, 5 avg. energy, 14 avg. life time, 2 avg. childs
386. 10 animals, 6 plants, 6 avg. energy, 14 avg. life time, 2 avg. childs
387. 10 animals, 6 plants, 6 avg. energy, 14 avg. life time, 2 avg. childs
388. 11 animals, 7 plants, 5 avg. energy, 14 avg. life time, 2 avg. childs
389. 12 animals, 6 plants, 5 avg. energy, 14 avg. life time, 2 avg. childs
390. 10 animals, 7 plants, 5 avg. energy, 14 avg. life time, 2 avg. childs
391. 10 animals, 5 plants, 7 avg. energy, 14 avg. life time, 2 avg. childs
392. 9 animals, 5 plants, 8 avg. energy, 15 avg. life time, 2 avg. childs
393. 7 animals, 6 plants, 10 avg. energy, 14 avg. life time, 2 avg. childs
394. 7 animals, 7 plants, 9 avg. energy, 14 avg. life time, 2 avg. childs
395. 6 animals, 8 plants, 9 avg. energy, 15 avg. life time, 2 avg. childs
396. 5 animals, 8 plants, 12 avg. energy, 15 avg. life time, 2 avg. childs
397. 5 animals, 8 plants, 13 avg. energy, 15 avg. life time, 2 avg. childs
398. 5 animals, 9 plants, 12 avg. energy, 15 avg. life time, 2 avg. childs
399. 5 animals, 10 plants, 11 avg. energy, 15 avg. life time, 2 avg. childs
400. 5 animals, 11 plants, 10 avg. energy, 15 avg. life time, 2 avg. childs
401. 5 animals, 12 plants, 9 avg. energy, 15 avg. life time, 2 avg. childs
402. 5 animals, 12 plants, 10 avg. energy, 15 avg. life time, 2 avg. childs
403. 5 animals, 13 plants, 9 avg. energy, 15 avg. life time, 1 avg. childs
404. 5 animals, 14 plants, 8 avg. energy, 15 avg. life time, 1 avg. childs
405. 5 animals, 14 plants, 9 avg. energy, 15 avg. life time, 1 avg. childs
406. 5 animals, 14 plants, 10 avg. energy, 15 avg. life time, 1 avg. childs
407. 5 animals, 15 plants, 9 avg. energy, 15 avg. life time, 1 avg. childs
408. 5 animals, 16 plants, 8 avg. energy, 15 avg. life time, 1 avg. childs
409. 3 animals, 17 plants, 13 avg. energy, 15 avg. life time, 1 avg. childs
410. 3 animals, 17 plants, 15 avg. energy, 15 avg. life time, 1 avg. childs
411. 3 animals, 18 plants, 14 avg. energy, 15 avg. life time, 1 avg. childs
412. 3 animals, 18 plants, 17 avg. energy, 15 avg. life time, 1 avg. childs
413. 3 animals, 18 plants, 19 avg. energy, 15 avg. life time, 1 avg. childs
414. 3 animals, 19 plants, 18 avg. energy, 15 avg. life time, 1 avg. childs
415. 3 animals, 19 plants, 20 avg. energy, 15 avg. life time, 1 avg. childs
416. 2 animals, 19 plants, 35 avg. energy, 15 avg. life time, 1 avg. childs
417. 2 animals, 18 plants, 44 avg. energy, 15 avg. life time, 1 avg. childs
418. 2 animals, 19 plants, 43 avg. energy, 15 avg. life time, 1 avg. childs
419. 2 animals, 19 plants, 47 avg. energy, 15 avg. life time, 1 avg. childs
420. 2 animals, 20 plants, 46 avg. energy, 15 avg. life time, 1 avg. childs
421. 2 animals, 21 plants, 45 avg. energy, 15 avg. life time, 1 avg. childs
422. 2 animals, 22 plants, 44 avg. energy, 15 avg. life time, 1 avg. childs
423. 2 animals, 22 plants, 48 avg. energy, 15 avg. life time, 1 avg. childs
424. 2 animals, 23 plants, 47 avg. energy, 15 avg. life time, 1 avg. childs
425. 2 animals, 23 plants, 51 avg. energy, 15 avg. life time, 1 avg. childs
426. 2 animals, 23 plants, 50 avg. energy, 15 avg. life time, 1 avg. childs
427. 2 animals, 23 plants, 49 avg. energy, 15 avg. life time, 1 avg. childs
428. 2 animals, 23 plants, 53 avg. energy, 15 avg. life time, 1 avg. childs
429. 2 animals, 22 plants, 62 avg. energy, 15 avg. life time, 1 avg. childs
430. 2 animals, 23 plants, 61 avg. energy, 15 avg. life time, 1 avg. childs
431. 2 animals, 22 plants, 70 avg. energy, 15 avg. life time, 1 avg. childs
432. 2 animals, 22 plants, 74 avg. energy, 15 avg. life time, 1 avg. childs
433. 2 animals, 21 plants, 83 avg. energy, 15 avg. life time, 1 avg. childs
434. 2 animals, 20 plants, 92 avg. energy, 15 avg. life time, 1 avg. childs
435. 2 animals, 20 plants, 96 avg. energy, 15 avg. life time, 1 avg. childs
436. 2 animals, 20 plants, 100 avg. energy, 15 avg. life time, 1 avg. childs
437. 2 animals, 20 plants, 104 avg. energy, 15 avg. life time, 1 avg. childs
438. 2 animals, 20 plants, 108 avg. energy, 15 avg. life time, 1 avg. childs
439. 2 animals, 20 plants, 112 avg. energy, 15 avg. life time, 1 avg. childs
440. 2 animals, 21 plants, 111 avg. energy, 15 avg. life time, 1 avg. childs
441. 2 animals, 20 plants, 120 avg. energy, 15 avg. life time, 1 avg. childs
442. 2 animals, 21 plants, 119 avg. energy, 15 avg. life time, 1 avg. childs
443. 2 animals, 21 plants, 123 avg. energy, 15 avg. life time, 1 avg. childs
444. 2 animals, 22 plants, 122 avg. energy, 15 avg. life time, 1 avg. childs
445. 2 animals, 22 plants, 126 avg. energy, 15 avg. life time, 1 avg. childs
446. 2 animals, 22 plants, 130 avg. energy, 15 avg. life time, 1 avg. childs
447. 2 animals, 22 plants, 134 avg. energy, 15 avg. life time, 1 avg. childs
448. 2 animals, 23 plants, 133 avg. energy, 15 avg. life time, 1 avg. childs
449. 2 animals, 23 plants, 137 avg. energy, 15 avg. life time, 1 avg. childs
450. 2 animals, 23 plants, 136 avg. energy, 15 avg. life time, 1 avg. childs
451. 2 animals, 22 plants, 145 avg. energy, 15 avg. life time, 1 avg. childs
452. 2 animals, 22 plants, 149 avg. energy, 15 avg. life time, 1 avg. childs
453. 2 animals, 22 plants, 153 avg. energy, 15 avg. life time, 1 avg. childs
454. 2 animals, 23 plants, 152 avg. energy, 15 avg. life time, 1 avg. childs
455. 2 animals, 23 plants, 156 avg. energy, 15 avg. life time, 1 avg. childs
456. 2 animals, 23 plants, 155 avg. energy, 15 avg. life time, 1 avg. childs
457. 2 animals, 23 plants, 159 avg. energy, 15 avg. life time, 1 avg. childs
458. 2 animals, 23 plants, 163 avg. energy, 15 avg. life time, 1 avg. childs
459. 2 animals, 23 plants, 167 avg. energy, 15 avg. life time, 1 avg. childs
460. 2 animals, 23 plants, 171 avg. energy, 15 avg. life time, 1 avg. childs
461. 2 animals, 23 plants, 170 avg. energy, 15 avg. life time, 1 avg. childs
462. 2 animals, 23 plants, 174 avg. energy, 15 avg. life time, 1 avg. childs
463. 2 animals, 22 plants, 183 avg. energy, 15 avg. life time, 1 avg. childs
464. 2 animals, 23 plants, 182 avg. energy, 15 avg. life time, 1 avg. childs
465. 2 animals, 23 plants, 181 avg. energy, 15 avg. life time, 1 avg. childs
466. 2 animals, 23 plants, 180 avg. energy, 15 avg. life time, 1 avg. childs
467. 2 animals, 23 plants, 179 avg. energy, 15 avg. life time, 1 avg. childs
468. 2 animals, 23 plants, 178 avg. energy, 15 avg. life time, 1 avg. childs
469. 2 animals, 23 plants, 182 avg. energy, 15 avg. life time, 1 avg. childs
470. 2 animals, 23 plants, 186 avg. energy, 15 avg. life time, 1 avg. childs
471. 2 animals, 23 plants, 185 avg. energy, 15 avg. life time, 1 avg. childs
472. 2 animals, 23 plants, 189 avg. energy, 15 avg. life time, 1 avg. childs
473. 2 animals, 23 plants, 193 avg. energy, 15 avg. life time, 1 avg. childs
474. 2 animals, 23 plants, 197 avg. energy, 15 avg. life time, 1 avg. childs
475. 2 animals, 23 plants, 201 avg. energy, 15 avg. life time, 1 avg. childs
476. 2 animals, 23 plants, 200 avg. energy, 15 avg. life time, 1 avg. childs
477. 2 animals, 23 plants, 204 avg. energy, 15 avg. life time, 1 avg. childs
478. 2 animals, 23 plants, 208 avg. energy, 15 avg. life time, 1 avg. childs
479. 2 animals, 23 plants, 207 avg. energy, 15 avg. life time, 1 avg. childs
480. 2 animals, 23 plants, 211 avg. energy, 15 avg. life time, 1 avg. childs
481. 2 animals, 23 plants, 215 avg. energy, 15 avg. life time, 1 avg. childs
482. 2 animals, 23 plants, 219 avg. energy, 15 avg. life time, 1 avg. childs
483. 2 animals, 23 plants, 218 avg. energy, 15 avg. life time, 1 avg. childs
484. 2 animals, 23 plants, 222 avg. energy, 15 avg. life time, 1 avg. childs
485. 2 animals, 23 plants, 221 avg. energy, 15 avg. life time, 1 avg. childs
486. 2 animals, 23 plants, 225 avg. energy, 15 avg. life time, 1 avg. childs
487. 2 animals, 23 plants, 224 avg. energy, 15 avg. life time, 1 avg. childs
488. 2 animals, 22 plants, 233 avg. energy, 15 avg. life time, 1 avg. childs
489. 2 animals, 23 plants, 232 avg. energy, 15 avg. life time, 1 avg. childs
490. 2 animals, 23 plants, 236 avg. energy, 15 avg. life time, 1 avg. childs
491. 2 animals, 23 plants, 240 avg. energy, 15 avg. life time, 1 avg. childs
492. 2 animals, 23 plants, 239 avg. energy, 15 avg. life time, 1 avg. childs
493. 2 animals, 23 plants, 238 avg. energy, 15 avg. life time, 1 avg. childs
494. 2 animals, 23 plants, 237 avg. energy, 15 avg. life time, 1 avg. childs
495. 2 animals, 23 plants, 236 avg. energy, 15 avg. life time, 1 avg. childs
496. 2 animals, 23 plants, 240 avg. energy, 15 avg. life time, 1 avg. childs
497. 2 animals, 23 plants, 239 avg. energy, 15 avg. life time, 1 avg. childs
498. 2 animals, 22 plants, 248 avg. energy, 15 avg. life time, 1 avg. childs
499. 2 animals, 22 plants, 252 avg. energy, 15 avg. life time, 1 avg. childs
500. 2 animals, 23 plants, 251 avg. energy, 15 avg. life time, 1 avg. childs
501. 2 animals, 23 plants, 255 avg. energy, 15 avg. life time, 1 avg. childs
502. 2 animals, 23 plants, 254 avg. energy, 15 avg. life time, 1 avg. childs
503. 2 animals, 23 plants, 258 avg. energy, 15 avg. life time, 1 avg. childs
504. 2 animals, 23 plants, 257 avg. energy, 15 avg. life time, 1 avg. childs
505. 2 animals, 23 plants, 256 avg. energy, 15 avg. life time, 1 avg. childs
506. 2 animals, 23 plants, 255 avg. energy, 15 avg. life time, 1 avg. childs
507. 2 animals, 23 plants, 254 avg. energy, 15 avg. life time, 1 avg. childs
508. 2 animals, 23 plants, 258 avg. energy, 15 avg. life time, 1 avg. childs
509. 2 animals, 23 plants, 262 avg. energy, 15 avg. life time, 1 avg. childs
510. 2 animals, 23 plants, 266 avg. energy, 15 avg. life time, 1 avg. childs
511. 2 animals, 23 plants, 265 avg. energy, 15 avg. life time, 1 avg. childs
512. 2 animals, 23 plants, 269 avg. energy, 15 avg. life time, 1 avg. childs
513. 2 animals, 23 plants, 268 avg. energy, 15 avg. life time, 1 avg. childs
514. 3 animals, 24 plants, 178 avg. energy, 15 avg. life time, 1 avg. childs
515. 4 animals, 23 plants, 135 avg. energy, 15 avg. life time, 1 avg. childs
516. 4 animals, 21 plants, 141 avg. energy, 15 avg. life time, 1 avg. childs
517. 5 animals, 21 plants, 114 avg. energy, 15 avg. life time, 1 avg. childs
518. 6 animals, 22 plants, 94 avg. energy, 15 avg. life time, 1 avg. childs
519. 7 animals, 20 plants, 84 avg. energy, 15 avg. life time, 1 avg. childs
520. 8 animals, 19 plants, 75 avg. energy, 15 avg. life time, 1 avg. childs
521. 9 animals, 18 plants, 68 avg. energy, 15 avg. life time, 1 avg. childs
522. 11 animals, 15 plants, 58 avg. energy, 15 avg. life time, 1 avg. childs
523. 13 animals, 16 plants, 49 avg. energy, 15 avg. life time, 1 avg. childs
524. 15 animals, 14 plants, 43 avg. energy, 15 avg. life time, 1 avg. childs
525. 17 animals, 13 plants, 38 avg. energy, 15 avg. life time, 1 avg. childs
526. 18 animals, 11 plants, 37 avg. energy, 15 avg. life time, 1 avg. childs
527. 20 animals, 12 plants, 32 avg. energy, 15 avg. life time, 1 avg. childs
528. 23 animals, 9 plants, 29 avg. energy, 15 avg. life time, 1 avg. childs
529. 28 animals, 8 plants, 23 avg. energy, 15 avg. life time, 1 avg. childs
530. 35 animals, 9 plants, 18 avg. energy, 15 avg. life time, 1 avg. childs
531. 44 animals, 7 plants, 14 avg. energy, 15 avg. life time, 1 avg. childs
532. 53 animals, 6 plants, 11 avg. energy, 15 avg. life time, 1 avg. childs
533. 60 animals, 6 plants, 9 avg. energy, 15 avg. life time, 1 avg. childs
534. 66 animals, 5 plants, 7 avg. energy, 15 avg. life time, 2 avg. childs
535. 68 animals, 4 plants, 7 avg. energy, 15 avg. life time, 2 avg. childs
536. 73 animals, 4 plants, 5 avg. energy, 15 avg. life time, 2 avg. childs
537. 74 animals, 4 plants, 4 avg. energy, 15 avg. life time, 2 avg. childs
538. 66 animals, 3 plants, 4 avg. energy, 14 avg. life time, 2 avg. childs
539. 58 animals, 3 plants, 4 avg. energy, 14 avg. life time, 2 avg. childs
540. 51 animals, 3 plants, 4 avg. energy, 14 avg. life time, 2 avg. childs
541. 43 animals, 3 plants, 4 avg. energy, 14 avg. life time, 2 avg. childs
542. 36 animals, 4 plants, 4 avg. energy, 14 avg. life time, 2 avg. childs
543. 34 animals, 5 plants, 4 avg. energy, 14 avg. life time, 2 avg. childs
544. 30 animals, 4 plants, 4 avg. energy, 14 avg. life time, 2 avg. childs
545. 24 animals, 5 plants, 4 avg. energy, 14 avg. life time, 2 avg. childs
546. 21 animals, 6 plants, 3 avg. energy, 14 avg. life time, 2 avg. childs
547. 11 animals, 6 plants, 7 avg. energy, 14 avg. life time, 3 avg. childs
548. 7 animals, 6 plants, 12 avg. energy, 14 avg. life time, 5 avg. childs
549. 5 animals, 7 plants, 15 avg. energy, 14 avg. life time, 2 avg. childs
550. 5 animals, 7 plants, 16 avg. energy, 14 avg. life time, 2 avg. childs
551. 5 animals, 7 plants, 17 avg. energy, 14 avg. life time, 2 avg. childs
552. 5 animals, 8 plants, 16 avg. energy, 14 avg. life time, 2 avg. childs
553. 5 animals, 9 plants, 15 avg. energy, 14 avg. life time, 2 avg. childs
554. 4 animals, 10 plants, 18 avg. energy, 14 avg. life time, 3 avg. childs
555. 5 animals, 11 plants, 14 avg. energy, 14 avg. life time, 3 avg. childs
556. 5 animals, 11 plants, 15 avg. energy, 14 avg. life time, 3 avg. childs
557. 6 animals, 12 plants, 11 avg. energy, 14 avg. life time, 2 avg. childs
558. 6 animals, 12 plants, 12 avg. energy, 14 avg. life time, 2 avg. childs
559. 6 animals, 12 plants, 13 avg. energy, 14 avg. life time, 2 avg. childs
560. 5 animals, 13 plants, 14 avg. energy, 14 avg. life time, 3 avg. childs
561. 5 animals, 14 plants, 13 avg. energy, 14 avg. life time, 3 avg. childs
562. 6 animals, 14 plants, 12 avg. energy, 14 avg. life time, 2 avg. childs
563. 6 animals, 14 plants, 13 avg. energy, 14 avg. life time, 2 avg. childs
564. 5 animals, 14 plants, 16 avg. energy, 14 avg. life time, 3 avg. childs
565. 5 animals, 14 plants, 17 avg. energy, 14 avg. life time, 3 avg. childs
566. 5 animals, 14 plants, 18 avg. energy, 14 avg. life time, 3 avg. childs
567. 5 animals, 11 plants, 25 avg. energy, 14 avg. life time, 3 avg. childs
568. 5 animals, 12 plants, 24 avg. energy, 14 avg. life time, 3 avg. childs
569. 4 animals, 13 plants, 29 avg. energy, 14 avg. life time, 4 avg. childs
570. 4 animals, 14 plants, 28 avg. energy, 14 avg. life time, 4 avg. childs
571. 4 animals, 14 plants, 30 avg. energy, 14 avg. life time, 4 avg. childs
572. 4 animals, 15 plants, 29 avg. energy, 14 avg. life time, 4 avg. childs
573. 4 animals, 15 plants, 30 avg. energy, 14 avg. life time, 4 avg. childs
574. 4 animals, 16 plants, 29 avg. energy, 14 avg. life time, 4 avg. childs
575. 4 animals, 17 plants, 28 avg. energy, 14 avg. life time, 4 avg. childs
576. 4 animals, 18 plants, 27 avg. energy, 14 avg. life time, 4 avg. childs
577. 4 animals, 19 plants, 26 avg. energy, 14 avg. life time, 4 avg. childs
578. 4 animals, 19 plants, 28 avg. energy, 14 avg. life time, 4 avg. childs
579. 4 animals, 19 plants, 29 avg. energy, 14 avg. life time, 4 avg. childs
580. 4 animals, 19 plants, 31 avg. energy, 14 avg. life time, 4 avg. childs
581. 4 animals, 19 plants, 32 avg. energy, 14 avg. life time, 4 avg. childs
582. 4 animals, 18 plants, 36 avg. energy, 14 avg. life time, 4 avg. childs
583. 4 animals, 18 plants, 38 avg. energy, 14 avg. life time, 4 avg. childs
584. 4 animals, 19 plants, 37 avg. energy, 14 avg. life time, 4 avg. childs
585. 4 animals, 20 plants, 36 avg. energy, 14 avg. life time, 4 avg. childs
586. 4 animals, 20 plants, 37 avg. energy, 14 avg. life time, 4 avg. childs
587. 4 animals, 21 plants, 36 avg. energy, 14 avg. life time, 4 avg. childs
588. 4 animals, 21 plants, 35 avg. energy, 14 avg. life time, 4 avg. childs
589. 4 animals, 21 plants, 37 avg. energy, 14 avg. life time, 4 avg. childs
590. 5 animals, 21 plants, 31 avg. energy, 14 avg. life time, 3 avg. childs
591. 5 animals, 20 plants, 34 avg. energy, 14 avg. life time, 3 avg. childs
592. 6 animals, 20 plants, 29 avg. energy, 14 avg. life time, 3 avg. childs
593. 7 animals, 20 plants, 25 avg. energy, 14 avg. life time, 3 avg. childs
594. 8 animals, 19 plants, 24 avg. energy, 14 avg. life time, 3 avg. childs
595. 9 animals, 17 plants, 23 avg. energy, 14 avg. life time, 3 avg. childs
596. 10 animals, 16 plants, 22 avg. energy, 14 avg. life time, 2 avg. childs
597. 11 animals, 14 plants, 22 avg. energy, 14 avg. life time, 2 avg. childs
598. 14 animals, 13 plants, 18 avg. energy, 14 avg. life time, 2 avg. childs
599. 17 animals, 12 plants, 15 avg. energy, 14 avg. life time, 2 avg. childs
600. 19 animals, 11 plants, 13 avg. energy, 14 avg. life time, 2 avg. childs
601. 20 animals, 12 plants, 12 avg. energy, 14 avg. life time, 2 avg. childs
602. 20 animals, 12 plants, 11 avg. energy, 14 avg. life time, 2 avg. childs
603. 19 animals, 10 plants, 12 avg. energy, 14 avg. life time, 2 avg. childs
604. 20 animals, 11 plants, 11 avg. energy, 14 avg. life time, 2 avg. childs
605. 18 animals, 9 plants, 13 avg. energy, 14 avg. life time, 2 avg. childs
606. 16 animals, 9 plants, 14 avg. energy, 14 avg. life time, 2 avg. childs
607. 15 animals, 8 plants, 16 avg. energy, 14 avg. life time, 2 avg. childs
608. 15 animals, 7 plants, 16 avg. energy, 14 avg. life time, 2 avg. childs
609. 15 animals, 7 plants, 16 avg. energy, 14 avg. life time, 3 avg. childs
610. 17 animals, 7 plants, 13 avg. energy, 14 avg. life time, 2 avg. childs
611. 18 animals, 7 plants, 12 avg. energy, 14 avg. life time, 3 avg. childs
612. 17 animals, 6 plants, 13 avg. energy, 14 avg. life time, 3 avg. childs
613. 19 animals, 6 plants, 12 avg. energy, 14 avg. life time, 2 avg. childs
614. 21 animals, 7 plants, 9 avg. energy, 14 avg. life time, 2 avg. childs
615. 22 animals, 6 plants, 9 avg. energy, 14 avg. life time, 2 avg. childs
616. 21 animals, 7 plants, 8 avg. energy, 14 avg. life time, 2 avg. childs
617. 19 animals, 5 plants, 10 avg. energy, 14 avg. life time, 2 avg. childs
618. 19 animals, 6 plants, 9 avg. energy, 14 avg. life time, 2 avg. childs
619. 18 animals, 7 plants, 9 avg. energy, 14 avg. life time, 2 avg. childs
620. 19 animals, 8 plants, 7 avg. energy, 14 avg. life time, 2 avg. childs
621. 16 animals, 8 plants, 8 avg. energy, 14 avg. life time, 2 avg. childs
622. 15 animals, 9 plants, 8 avg. energy, 14 avg. life time, 2 avg. childs
623. 14 animals, 9 plants, 8 avg. energy, 14 avg. life time, 2 avg. childs
624. 11 animals, 10 plants, 10 avg. energy, 14 avg. life time, 2 avg. childs
625. 10 animals, 10 plants, 11 avg. energy, 14 avg. life time, 3 avg. childs
626. 10 animals, 10 plants, 11 avg. energy, 14 avg. life time, 3 avg. childs
627. 10 animals, 9 plants, 12 avg. energy, 14 avg. life time, 3 avg. childs
628. 11 animals, 7 plants, 12 avg. energy, 14 avg. life time, 3 avg. childs
629. 11 animals, 7 plants, 12 avg. energy, 14 avg. life time, 3 avg. childs
630. 12 animals, 6 plants, 12 avg. energy, 14 avg. life time, 3 avg. childs
631. 13 animals, 7 plants, 10 avg. energy, 14 avg. life time, 2 avg. childs
632. 13 animals, 8 plants, 9 avg. energy, 14 avg. life time, 3 avg. childs
633. 12 animals, 9 plants, 9 avg. energy, 14 avg. life time, 3 avg. childs
634. 11 animals, 9 plants, 10 avg. energy, 14 avg. life time, 3 avg. childs
635. 12 animals, 10 plants, 8 avg. energy, 14 avg. life time, 3 avg. childs
636. 12 animals, 9 plants, 9 avg. energy, 14 avg. life time, 3 avg. childs
637. 9 animals, 10 plants, 11 avg. energy, 14 avg. life time, 4 avg. childs
638. 9 animals, 9 plants, 12 avg. energy, 14 avg. life time, 4 avg. childs
639. 9 animals, 10 plants, 11 avg. energy, 14 avg. life time, 3 avg. childs
640. 10 animals, 11 plants, 9 avg. energy, 14 avg. life time, 3 avg. childs
641. 10 animals, 12 plants, 8 avg. energy, 14 avg. life time, 2 avg. childs
642. 11 animals, 13 plants, 6 avg. energy, 14 avg. life time, 2 avg. childs
643. 11 animals, 14 plants, 5 avg. energy, 14 avg. life time, 2 avg. childs
644. 12 animals, 14 plants, 5 avg. energy, 14 avg. life time, 2 avg. childs
645. 11 animals, 13 plants, 6 avg. energy, 14 avg. life time, 2 avg. childs
646. 10 animals, 12 plants, 8 avg. energy, 14 avg. life time, 3 avg. childs
647. 10 animals, 12 plants, 8 avg. energy, 14 avg. life time, 3 avg. childs
648. 10 animals, 11 plants, 9 avg. energy, 14 avg. life time, 3 avg. childs
649. 9 animals, 10 plants, 11 avg. energy, 14 avg. life time, 3 avg. childs
650. 7 animals, 9 plants, 16 avg. energy, 14 avg. life time, 4 avg. childs
651. 7 animals, 10 plants, 15 avg. energy, 14 avg. life time, 4 avg. childs
652. 8 animals, 11 plants, 12 avg. energy, 14 avg. life time, 3 avg. childs
653. 9 animals, 11 plants, 11 avg. energy, 14 avg. life time, 3 avg. childs
654. 10 animals, 11 plants, 10 avg. energy, 14 avg. life time, 3 avg. childs
655. 11 animals, 12 plants, 8 avg. energy, 14 avg. life time, 3 avg. childs
656. 12 animals, 11 plants, 8 avg. energy, 14 avg. life time, 3 avg. childs
657. 11 animals, 9 plants, 11 avg. energy, 14 avg. life time, 3 avg. childs
658. 11 animals, 10 plants, 10 avg. energy, 14 avg. life time, 3 avg. childs
659. 11 animals, 10 plants, 10 avg. energy, 14 avg. life time, 3 avg. childs
660. 10 animals, 11 plants, 10 avg. energy, 14 avg. life time, 3 avg. childs
661. 10 animals, 10 plants, 11 avg. energy, 14 avg. life time, 3 avg. childs
662. 7 animals, 8 plants, 19 avg. energy, 14 avg. life time, 4 avg. childs
663. 7 animals, 8 plants, 19 avg. energy, 14 avg. life time, 4 avg. childs
664. 5 animals, 9 plants, 26 avg. energy, 14 avg. life time, 5 avg. childs
665. 5 animals, 8 plants, 29 avg. energy, 14 avg. life time, 5 avg. childs
666. 5 animals, 9 plants, 28 avg. energy, 14 avg. life time, 5 avg. childs
667. 5 animals, 10 plants, 27 avg. energy, 14 avg. life time, 5 avg. childs
668. 5 animals, 10 plants, 28 avg. energy, 14 avg. life time, 5 avg. childs
669. 5 animals, 11 plants, 27 avg. energy, 14 avg. life time, 5 avg. childs
670. 5 animals, 10 plants, 30 avg. energy, 14 avg. life time, 5 avg. childs
671. 5 animals, 11 plants, 29 avg. energy, 14 avg. life time, 5 avg. childs
672. 5 animals, 11 plants, 30 avg. energy, 14 avg. life time, 5 avg. childs
673. 5 animals, 12 plants, 29 avg. energy, 14 avg. life time, 5 avg. childs
674. 6 animals, 13 plants, 24 avg. energy, 14 avg. life time, 4 avg. childs
675. 7 animals, 14 plants, 19 avg. energy, 14 avg. life time, 4 avg. childs
676. 8 animals, 12 plants, 20 avg. energy, 14 avg. life time, 3 avg. childs
677. 9 animals, 11 plants, 19 avg. energy, 14 avg. life time, 3 avg. childs
678. 9 animals, 12 plants, 18 avg. energy, 14 avg. life time, 3 avg. childs
679. 9 animals, 13 plants, 17 avg. energy, 14 avg. life time, 3 avg. childs
680. 10 animals, 13 plants, 15 avg. energy, 14 avg. life time, 3 avg. childs
681. 10 animals, 10 plants, 18 avg. energy, 14 avg. life time, 3 avg. childs
682. 11 animals, 8 plants, 18 avg. energy, 14 avg. life time, 3 avg. childs
683. 12 animals, 7 plants, 17 avg. energy, 14 avg. life time, 3 avg. childs
684. 15 animals, 8 plants, 13 avg. energy, 14 avg. life time, 3 avg. childs
685. 15 animals, 6 plants, 14 avg. energy, 14 avg. life time, 3 avg. childs
686. 15 animals, 4 plants, 15 avg. energy, 14 avg. life time, 3 avg. childs
687. 15 animals, 4 plants, 15 avg. energy, 14 avg. life time, 3 avg. childs
688. 16 animals, 5 plants, 13 avg. energy, 14 avg. life time, 3 avg. childs
689. 17 animals, 5 plants, 12 avg. energy, 14 avg. life time, 3 avg. childs
690. 16 animals, 5 plants, 12 avg. energy, 14 avg. life time, 3 avg. childs
691. 17 animals, 5 plants, 11 avg. energy, 14 avg. life time, 3 avg. childs
692. 16 animals, 5 plants, 12 avg. energy, 14 avg. life time, 3 avg. childs
693. 17 animals, 4 plants, 11 avg. energy, 14 avg. life time, 3 avg. childs
694. 17 animals, 5 plants, 10 avg. energy, 14 avg. life time, 3 avg. childs
695. 18 animals, 4 plants, 10 avg. energy, 14 avg. life time, 3 avg. childs
696. 18 animals, 5 plants, 9 avg. energy, 14 avg. life time, 3 avg. childs
697. 19 animals, 5 plants, 8 avg. energy, 14 avg. life time, 3 avg. childs
698. 20 animals, 5 plants, 7 avg. energy, 14 avg. life time, 3 avg. childs
699. 19 animals, 5 plants, 7 avg. energy, 14 avg. life time, 3 avg. childs
700. 17 animals, 6 plants, 7 avg. energy, 14 avg. life time, 3 avg. childs
701. 17 animals, 6 plants, 6 avg. energy, 14 avg. life time, 3 avg. childs
702. 17 animals, 7 plants, 5 avg. energy, 14 avg. life time, 3 avg. childs
703. 13 animals, 7 plants, 7 avg. energy, 14 avg. life time, 4 avg. childs
704. 14 animals, 7 plants, 6 avg. energy, 14 avg. life time, 4 avg. childs
705. 14 animals, 8 plants, 5 avg. energy, 14 avg. life time, 4 avg. childs
706. 14 animals, 8 plants, 5 avg. energy, 14 avg. life time, 4 avg. childs
707. 13 animals, 8 plants, 5 avg. energy, 14 avg. life time, 5 avg. childs
708. 11 animals, 7 plants, 7 avg. energy, 14 avg. life time, 4 avg. childs
709. 11 animals, 8 plants, 6 avg. energy, 14 avg. life time, 3 avg. childs
710. 10 animals, 9 plants, 6 avg. energy, 15 avg. life time, 3 avg. childs
711. 10 animals, 9 plants, 6 avg. energy, 15 avg. life time, 3 avg. childs
712. 9 animals, 9 plants, 7 avg. energy, 15 avg. life time, 2 avg. childs
713. 9 animals, 10 plants, 6 avg. energy, 15 avg. life time, 2 avg. childs
714. 7 animals, 11 plants, 7 avg. energy, 15 avg. life time, 1 avg. childs
715. 7 animals, 11 plants, 7 avg. energy, 15 avg. life time, 1 avg. childs
716. 6 animals, 11 plants, 9 avg. energy, 15 avg. life time, 1 avg. childs
717. 6 animals, 11 plants, 10 avg. energy, 15 avg. life time, 1 avg. childs
718. 6 animals, 11 plants, 11 avg. energy, 15 avg. life time, 2 avg. childs
719. 6 animals, 11 plants, 11 avg. energy, 15 avg. life time, 2 avg. childs
720. 6 animals, 11 plants, 12 avg. energy, 15 avg. life time, 2 avg. childs
721. 6 animals, 12 plants, 11 avg. energy, 15 avg. life time, 2 avg. childs
722. 6 animals, 12 plants, 12 avg. energy, 15 avg. life time, 2 avg. childs
723. 6 animals, 13 plants, 11 avg. energy, 15 avg. life time, 2 avg. childs
724. 6 animals, 14 plants, 10 avg. energy, 15 avg. life time, 2 avg. childs
725. 7 animals, 14 plants, 9 avg. energy, 15 avg. life time, 2 avg. childs
726. 7 animals, 15 plants, 8 avg. energy, 15 avg. life time, 2 avg. childs
727. 5 animals, 14 plants, 14 avg. energy, 15 avg. life time, 2 avg. childs
728. 6 animals, 15 plants, 11 avg. energy, 15 avg. life time, 2 avg. childs
729. 7 animals, 16 plants, 8 avg. energy, 15 avg. life time, 2 avg. childs
730. 8 animals, 16 plants, 8 avg. energy, 15 avg. life time, 2 avg. childs
731. 9 animals, 15 plants, 8 avg. energy, 15 avg. life time, 2 avg. childs
732. 8 animals, 16 plants, 8 avg. energy, 15 avg. life time, 1 avg. childs
733. 8 animals, 13 plants, 12 avg. energy, 15 avg. life time, 1 avg. childs
734. 8 animals, 11 plants, 15 avg. energy, 15 avg. life time, 1 avg. childs
735. 7 animals, 12 plants, 16 avg. energy, 15 avg. life time, 1 avg. childs
736. 7 animals, 13 plants, 15 avg. energy, 15 avg. life time, 1 avg. childs
737. 6 animals, 13 plants, 18 avg. energy, 15 avg. life time, 2 avg. childs
738. 6 animals, 12 plants, 21 avg. energy, 15 avg. life time, 2 avg. childs
739. 6 animals, 13 plants, 20 avg. energy, 15 avg. life time, 2 avg. childs
740. 6 animals, 12 plants, 22 avg. energy, 15 avg. life time, 2 avg. childs
741. 6 animals, 11 plants, 24 avg. energy, 15 avg. life time, 2 avg. childs
742. 6 animals, 9 plants, 28 avg. energy, 15 avg. life time, 2 avg. childs
743. 6 animals, 10 plants, 27 avg. energy, 15 avg. life time, 2 avg. childs
744. 7 animals, 11 plants, 23 avg. energy, 15 avg. life time, 2 avg. childs
745. 8 animals, 10 plants, 21 avg. energy, 15 avg. life time, 2 avg. childs
746. 9 animals, 10 plants, 19 avg. energy, 15 avg. life time, 2 avg. childs
747. 10 animals, 11 plants, 16 avg. energy, 15 avg. life time, 2 avg. childs
748. 11 animals, 11 plants, 15 avg. energy, 15 avg. life time, 2 avg. childs
749. 13 animals, 10 plants, 13 avg. energy, 15 avg. life time, 2 avg. childs
750. 15 animals, 10 plants, 11 avg. energy, 15 avg. life time, 2 avg. childs
751. 17 animals, 8 plants, 11 avg. energy, 15 avg. life time, 2 avg. childs
752. 17 animals, 8 plants, 10 avg. energy, 15 avg. life time, 2 avg. childs
753. 16 animals, 6 plants, 12 avg. energy, 15 avg. life time, 2 avg. childs
754. 16 animals, 6 plants, 11 avg. energy, 15 avg. life time, 2 avg. childs
755. 17 animals, 6 plants, 10 avg. energy, 15 avg. life time, 2 avg. childs
756. 18 animals, 6 plants, 9 avg. energy, 15 avg. life time, 2 avg. childs
757. 20 animals, 6 plants, 8 avg. energy, 15 avg. life time, 2 avg. childs
758. 21 animals, 6 plants, 7 avg. energy, 15 avg. life time, 2 avg. childs
759. 22 animals, 6 plants, 7 avg. energy, 15 avg. life time, 2 avg. childs
760. 23 animals, 7 plants, 5 avg. energy, 15 avg. life time, 2 avg. childs
761. 22 animals, 8 plants, 5 avg. energy, 15 avg. life time, 2 avg. childs
762. 22 animals, 8 plants, 4 avg. energy, 15 avg. life time, 2 avg. childs
763. 18 animals, 6 plants, 6 avg. energy, 15 avg. life time, 2 avg. childs
764. 17 animals, 7 plants, 5 avg. energy, 15 avg. life time, 3 avg. childs
765. 15 animals, 6 plants, 6 avg. energy, 15 avg. life time, 3 avg. childs
766. 11 animals, 6 plants, 9 avg. energy, 15 avg. life time, 3 avg. childs
767. 11 animals, 5 plants, 9 avg. energy, 15 avg. life time, 3 avg. childs
768. 11 animals, 6 plants, 9 avg. energy, 15 avg. life time, 3 avg. childs
769. 10 animals, 6 plants, 9 avg. energy, 15 avg. life time, 3 avg. childs
770. 9 animals, 5 plants, 12 avg. energy, 15 avg. life time, 3 avg. childs
771. 9 animals, 6 plants, 11 avg. energy, 15 avg. life time, 3 avg. childs
772. 9 animals, 7 plants, 10 avg. energy, 15 avg. life time, 3 avg. childs
773. 10 animals, 8 plants, 8 avg. energy, 15 avg. life time, 3 avg. childs
774. 10 animals, 8 plants, 8 avg. energy, 15 avg. life time, 3 avg. childs
775. 11 animals, 8 plants, 7 avg. energy, 15 avg. life time, 3 avg. childs
776. 12 animals, 9 plants, 6 avg. energy, 15 avg. life time, 3 avg. childs
777. 10 animals, 10 plants, 6 avg. energy, 15 avg. life time, 4 avg. childs
778. 10 animals, 10 plants, 6 avg. energy, 15 avg. life time, 4 avg. childs
779. 9 animals, 11 plants, 6 avg. energy, 15 avg. life time, 4 avg. childs
780. 7 animals, 11 plants, 8 avg. energy, 15 avg. life time, 4 avg. childs
781. 6 animals, 12 plants, 8 avg. energy, 15 avg. life time, 5 avg. childs
782. 4 animals, 12 plants, 14 avg. energy, 15 avg. life time, 8 avg. childs
783. 4 animals, 13 plants, 13 avg. energy, 15 avg. life time, 8 avg. childs
784. 4 animals, 12 plants, 17 avg. energy, 15 avg. life time, 8 avg. childs
785. 3 animals, 11 plants, 28 avg. energy, 15 avg. life time, 7 avg. childs
786. 3 animals, 11 plants, 31 avg. energy, 15 avg. life time, 7 avg. childs
787. 3 animals, 12 plants, 30 avg. energy, 15 avg. life time, 7 avg. childs
788. 3 animals, 13 plants, 29 avg. energy, 15 avg. life time, 7 avg. childs
789. 4 animals, 13 plants, 23 avg. energy, 15 avg. life time, 6 avg. childs
790. 4 animals, 14 plants, 22 avg. energy, 15 avg. life time, 6 avg. childs
791. 4 animals, 14 plants, 24 avg. energy, 15 avg. life time, 6 avg. childs
792. 4 animals, 15 plants, 23 avg. energy, 15 avg. life time, 6 avg. childs
793. 4 animals, 16 plants, 22 avg. energy, 15 avg. life time, 6 avg. childs
794. 4 animals, 16 plants, 23 avg. energy, 15 avg. life time, 6 avg. childs
795. 4 animals, 17 plants, 22 avg. energy, 15 avg. life time, 6 avg. childs
796. 4 animals, 18 plants, 21 avg. energy, 15 avg. life time, 6 avg. childs
797. 4 animals, 18 plants, 23 avg. energy, 15 avg. life time, 6 avg. childs
798. 4 animals, 19 plants, 22 avg. energy, 15 avg. life time, 6 avg. childs
799. 5 animals, 19 plants, 18 avg. energy, 15 avg. life time, 5 avg. childs
800. 6 animals, 20 plants, 14 avg. energy, 15 avg. life time, 4 avg. childs
801. 7 animals, 21 plants, 11 avg. energy, 15 avg. life time, 4 avg. childs
802. 8 animals, 21 plants, 10 avg. energy, 15 avg. life time, 4 avg. childs
803. 8 animals, 19 plants, 13 avg. energy, 15 avg. life time, 4 avg. childs
804. 8 animals, 19 plants, 13 avg. energy, 15 avg. life time, 4 avg. childs
805. 7 animals, 17 plants, 19 avg. energy, 15 avg. life time, 4 avg. childs
806. 7 animals, 14 plants, 23 avg. energy, 15 avg. life time, 4 avg. childs
807. 7 animals, 13 plants, 25 avg. energy, 15 avg. life time, 4 avg. childs
808. 7 animals, 14 plants, 24 avg. energy, 15 avg. life time, 4 avg. childs
809. 7 animals, 13 plants, 26 avg. energy, 15 avg. life time, 4 avg. childs
810. 7 animals, 13 plants, 26 avg. energy, 15 avg. life time, 4 avg. childs
811. 8 animals, 13 plants, 23 avg. energy, 15 avg. life time, 4 avg. childs
812. 8 animals, 13 plants, 24 avg. energy, 15 avg. life time, 4 avg. childs
813. 8 animals, 14 plants, 23 avg. energy, 15 avg. life time, 4 avg. childs
814. 8 animals, 14 plants, 23 avg. energy, 15 avg. life time, 4 avg. childs
815. 9 animals, 13 plants, 22 avg. energy, 15 avg. life time, 4 avg. childs
816. 9 animals, 14 plants, 21 avg. energy, 15 avg. life time, 4 avg. childs
817. 9 animals, 14 plants, 21 avg. energy, 15 avg. life time, 4 avg. childs
818. 9 animals, 14 plants, 21 avg. energy, 15 avg. life time, 4 avg. childs
819. 9 animals, 14 plants, 21 avg. energy, 15 avg. life time, 4 avg. childs
820. 9 animals, 13 plants, 22 avg. energy, 15 avg. life time, 4 avg. childs
821. 9 animals, 14 plants, 21 avg. energy, 15 avg. life time, 4 avg. childs
822. 9 animals, 15 plants, 21 avg. energy, 15 avg. life time, 4 avg. childs
823. 7 animals, 12 plants, 31 avg. energy, 15 avg. life time, 5 avg. childs
824. 7 animals, 12 plants, 32 avg. energy, 15 avg. life time, 5 avg. childs
825. 5 animals, 13 plants, 44 avg. energy, 15 avg. life time, 7 avg. childs
826. 5 animals, 13 plants, 45 avg. energy, 15 avg. life time, 7 avg. childs
827. 5 animals, 14 plants, 44 avg. energy, 15 avg. life time, 7 avg. childs
828. 7 animals, 15 plants, 30 avg. energy, 15 avg. life time, 5 avg. childs
829. 9 animals, 15 plants, 24 avg. energy, 15 avg. life time, 4 avg. childs
830. 11 animals, 15 plants, 19 avg. energy, 15 avg. life time, 4 avg. childs
831. 13 animals, 14 plants, 17 avg. energy, 15 avg. life time, 4 avg. childs
832. 14 animals, 14 plants, 16 avg. energy, 15 avg. life time, 3 avg. childs
833. 15 animals, 13 plants, 15 avg. energy, 15 avg. life time, 3 avg. childs
834. 15 animals, 12 plants, 15 avg. energy, 15 avg. life time, 3 avg. childs
835. 14 animals, 9 plants, 18 avg. energy, 15 avg. life time, 4 avg. childs
836. 14 animals, 9 plants, 18 avg. energy, 15 avg. life time, 4 avg. childs
837. 13 animals, 9 plants, 19 avg. energy, 15 avg. life time, 4 avg. childs
838. 11 animals, 10 plants, 22 avg. energy, 15 avg. life time, 5 avg. childs
839. 11 animals, 10 plants, 22 avg. energy, 15 avg. life time, 5 avg. childs
840. 13 animals, 9 plants, 19 avg. energy, 15 avg. life time, 4 avg. childs
841. 13 animals, 10 plants, 18 avg. energy, 15 avg. life time, 4 avg. childs
842. 14 animals, 10 plants, 17 avg. energy, 15 avg. life time, 4 avg. childs
843. 16 animals, 11 plants, 14 avg. energy, 15 avg. life time, 4 avg. childs
844. 17 animals, 11 plants, 12 avg. energy, 15 avg. life time, 4 avg. childs
845. 18 animals, 9 plants, 12 avg. energy, 15 avg. life time, 3 avg. childs
846. 19 animals, 8 plants, 12 avg. energy, 15 avg. life time, 3 avg. childs
847. 19 animals, 8 plants, 11 avg. energy, 15 avg. life time, 3 avg. childs
848. 18 animals, 8 plants, 12 avg. energy, 15 avg. life time, 4 avg. childs
849. 19 animals, 8 plants, 11 avg. energy, 15 avg. life time, 4 avg. childs
850. 19 animals, 8 plants, 10 avg. energy, 15 avg. life time, 4 avg. childs
851. 23 animals, 8 plants, 8 avg. energy, 15 avg. life time, 3 avg. childs
852. 24 animals, 7 plants, 8 avg. energy, 15 avg. life time, 3 avg. childs
853. 25 animals, 5 plants, 7 avg. energy, 15 avg. life time, 3 avg. childs
854. 24 animals, 5 plants, 7 avg. energy, 15 avg. life time, 3 avg. childs
855. 22 animals, 6 plants, 7 avg. energy, 15 avg. life time, 3 avg. childs
856. 18 animals, 6 plants, 8 avg. energy, 15 avg. life time, 4 avg. childs
857. 17 animals, 6 plants, 8 avg. energy, 15 avg. life time, 4 avg. childs
858. 15 animals, 6 plants, 9 avg. energy, 15 avg. life time, 3 avg. childs
859. 14 animals, 7 plants, 9 avg. energy, 15 avg. life time, 3 avg. childs
860. 11 animals, 6 plants, 12 avg. energy, 15 avg. life time, 3 avg. childs
861. 11 animals, 7 plants, 11 avg. energy, 15 avg. life time, 3 avg. childs
862. 12 animals, 7 plants, 10 avg. energy, 15 avg. life time, 3 avg. childs
863. 12 animals, 7 plants, 10 avg. energy, 15 avg. life time, 3 avg. childs
